"id","doi","title","year","authors","journal"
"https://openalex.org/W2299763327","https://doi.org/10.1016/s0026-895x(25)09958-4","Characterization of steroid interactions with gamma-aminobutyric acid receptor-gated chloride ion channels: evidence for multiple steroid recognition sites.","1990","A. Leslie Morrow; Jennifer R. Pace; R. H. Purdy; Soumen Paul","Molecular Pharmacology"
"https://openalex.org/W2087651368","https://doi.org/10.1161/01.str.25.11.2235","Graded bioassay for demonstration of brain rescue from experimental acute ischemia in rats.","1994","Jaroslaw Aronowski; Peter T. Ostrow; Emma Samways; Roger Strong; Justin A. Zivin; James C. Grotta","Stroke"
"https://openalex.org/W2023509690","https://doi.org/10.1016/0165-6147(88)90189-7","A generally useful modification of ALLFIT that facilitates the fitting of null equations to dose-response curves","1988","Dennis Mackay","Trends in Pharmacological Sciences"
"https://openalex.org/W1978358795","https://doi.org/10.1016/1056-8719(94)00068-f","Calculating slope and ED50 of additive dose-response curves, and application of these tabulated parameter values","1995","Gerald Pöch; Sonja N. Pancheva","Journal of Pharmacological and Toxicological Methods"
"https://openalex.org/W1965623779","https://doi.org/10.1097/00004647-199607000-00022","An Alternative Method for the Quantitation of Neuronal Damage after Experimental Middle Cerebral Artery Occlusion in Rats: Analysis of Behavioral Deficit","1996","Jaroslaw Aronowski; Emma Samways; Roger Strong; Howard M. Rhoades; James C. Grotta","Journal of Cerebral Blood Flow & Metabolism"
"https://openalex.org/W2014214578","https://doi.org/10.1111/j.1743-6109.2009.01471.x","Vardenafil can Improve Continence Recovery after Bilateral Nerve Sparing Prostatectomy: Results of a Randomized, Double Blind, Placebo-Controlled Pilot Study","2009","Mauro Gacci; Alessandro Ierardi; Augusto Delle Rose; Stefano Tazzioli; E. Scapaticci; Sandra Filippi; Mario Maggi; Giulio Nicita; Marco Carini; Francesco Montorsi","The Journal of Sexual Medicine"
"https://openalex.org/W2412556452","https://doi.org/10.1080/01616412.1996.11740473","Citicoline for treatment of experimental focal ischemia: Histologic and behavioral outcome","1996","Jaroslaw Aronowski; Roger Strong; James C. Grotta","Neurological Research"
"https://openalex.org/W2048406204","https://doi.org/10.1016/0160-5402(90)90015-d","Evaluation of combined effects in dose-response wstudies by statistical comparison with additive and independent interactions","1990","Gerald Pöch; Peter Dittrich; S. Holzmann","Journal of Pharmacological Methods"
"https://openalex.org/W2007318842","https://doi.org/10.1016/s0010-4825(96)00034-0","Scatplot: A computer program for determination of binding parameters of non-linear non-cooperative ligand-substrate interactions","1996","Arghya Ray; M. Maiti; Arpita Nandy","Computers in Biology and Medicine"
"https://openalex.org/W2134461119","https://doi.org/10.1016/j.dental.2014.05.030","Micro-Raman spectroscopic analysis of TiO2 phases on the root surfaces of commercial dental implants","2014","Marianna Gaintantzopoulou; Spiros Zinelis; Nick Silikas; George Eliades","Dental Materials"
"https://openalex.org/W2042925243","https://doi.org/10.1016/0003-2697(87)90046-7","Assessment of retinoid-induced differentiation of F9 embryonal carcinoma cells with an enzyme-linked immunoadsorbent assay for laminin: Statistical comparison of dose-response curves","1987","John B. Williams; C. Shields; Leslie M. Brettel; Joseph L. Napoli","Analytical Biochemistry"
"https://openalex.org/W2141593512","https://doi.org/10.1139/y90-202","Evaluation of experimental combined toxicity by use of dose–frequency curves: comparison with theoretical additivity as well as independence","1990","G. Pöch; P. Dittrich; R. J. Reiffenstein; Werner Lenk; Alexander K. Schuster","Canadian Journal of Physiology and Pharmacology"
"https://openalex.org/W2065309241","https://doi.org/10.1024/0369-8394.92.25.1171","Ist Empowerment chronisch kranker Betagter in der Schweiz möglich? Erste Resultate des Zürcher ALLFIT-Programms","2003","Wettstein; Baldegger; Weber; Bonsack; Andermatt; Latzel","Praxis"
"https://openalex.org/W1995234451","https://doi.org/10.1016/j.nimb.2010.11.005","K-shell ionization cross sections of Cl and Lα, Lβ X-ray production cross sections of Ba by 6–30 keV electron impact","2010","Y. Wu; Zhu An; Y.M. Duan; M.T. Liu; J. Wu","Nuclear Instruments and Methods in Physics Research Section B Beam Interactions with Materials and Atoms"
"https://openalex.org/W964347070",NA,"Characteristics of insulin receptor binding to various rat tissues.","1998","T Torlińska; P. Maćkowiak; L. Nogowski; Krzysztof W. Nowak; Edyta Mądry; M Perz","PubMed"
"https://openalex.org/W1941800954","https://doi.org/10.1139/p11-149","K-shell ionization cross sections of K and Lα X-ray production cross sections of I by 10–30 keV electron impact","2012","Y. Wu; Zhu An; Y.M. Duan; Mengping Liu; X.P. Ouyang","Canadian Journal of Physics"
"https://openalex.org/W2012054450","https://doi.org/10.1111/j.1476-5381.1992.tb14399.x","Construction of antagonist dose‐response curves for estimation of pA2‐values by Schild‐plot analysis and detection of allosteric interactions","1992","Gerald Pöch; Friedrich Brünner; Elisabeth Kühberger","British Journal of Pharmacology"
"https://openalex.org/W2204264004","https://doi.org/10.1016/s0022-3565(25)23684-9","Absence of spare autoreceptors regulating dopamine agonist inhibition of tyrosine hydroxylation in slices of rat striatum.","1989","Karen Bohmaker; Tracy Puza; Menek Goldstein; Emanuel Meller","Journal of Pharmacology and Experimental Therapeutics"
"https://openalex.org/W1953990941","https://doi.org/10.1152/ajpregu.1988.254.4.r673","Basal and insulin-stimulated skeletal muscle sugar transport in endotoxic and bacteremic rats","1988","Margaret V. Westfall; M. M. Sayeed","American Journal of Physiology-Regulatory, Integrative and Comparative Physiology"
"https://openalex.org/W2063794486",NA,"Age dependent changes of insulin receptors in rat tissues.","2000","T Torlińska; P. Maćkowiak; L. Nogowski; Tomasz Hryniewiecki; Henryk Witmanowski; M Perz; E M dry; Krzysztof W. Nowak","PubMed"
"https://openalex.org/W2138982280","https://doi.org/10.1024/1012-5302.19.4.244","Resultate der qualitativen Evaluation von allfit – einem Schulungs- und Bewegungsprogramm für chronischkranke ältere Menschen: Die Wirkungsweise aus der Sicht von Teilnehmenden an Diabetes- oder Rheumakursen","2006","Stefania Bonsack; Rebecca Spirig; Esther Baldegger; A. Wettstein","Pflege"
"https://openalex.org/W2095213076","https://doi.org/10.1563/aaid-joi-d-10-00117","Evaluation of 3- to 8-Year Treatment Outcomes and Success Rates With 6 Implant Brands in Partially Edentulous Patients","2010","Amir Moeintaghavi; Mehrdad Radvar; Hamid Reza Arab; Hamid Reza Boostani; Elham Ghiami","Journal of Oral Implantology"
"https://openalex.org/W1515390939",NA,"Effect of hypothermia on the insulin--receptor interaction in liver plasma membranes.","1993","T Torlińska; K W Nowak; J Kozlik; J Paluszak","PubMed"
"https://openalex.org/W2299605826","https://doi.org/10.1152/ajpendo.1985.249.4.e380","Adenohypophyseal response to hypophysiotropic hormones in male obese Zucker rats","1985","Mark L. Heiman; JC Porter; Mary V. Nekola; William A. Murphy; Arthur D. Hartman; V. A. Lance; D.H. Coy","American Journal of Physiology-Endocrinology and Metabolism"
"https://openalex.org/W4206195610","https://doi.org/10.51709/19951272/summer-2/7","Self-Esteem and Psychopathic Traits among Undergraduate Students: A Structural Equation Modelling Approach","2021",NA,"FWU Journal of Social Sciences"
"https://openalex.org/W2911147930","https://doi.org/10.32614/cran.package.afex","afex: Analysis of Factorial Experiments","2012","Henrik Singmann; Benjamin M. Bolker; Jake Westfall; Frederik Aust; Mattan S. Ben‐Shachar",NA
"https://openalex.org/W2005611747","https://doi.org/10.1097/id.0000000000000231","Accuracy of Interchangeable Implant Impression Systems","2015","Abdullah M Aldosari; Abdulaziz M. Albaker; Abdulmonem Alshihri; Majid I AlJadeed; Loay A AlBwardi; Sukumaran Anil","Implant Dentistry"
"https://openalex.org/W1982090781","https://doi.org/10.1016/s0014-2999(01)00744-0","Acute administration of nicotine impairs the hypotensive responses to bradykinin in rats","2001","María Ondina Paganelli; José E. Tanus‐Santos; Juan Carlos Yugar‐Toledo; Joaquim Francisco do Prado; Vivian C. Calegari; Heitor Moreno","European Journal of Pharmacology"
"https://openalex.org/W2029824788","https://doi.org/10.1084/jem.20021897","An Alternatively Spliced Variant of CXCR3 Mediates the Inhibition of Endothelial Cell Growth Induced by IP-10, Mig, and I-TAC, and Acts as Functional Receptor for Platelet Factor 4","2003","Laura Lasagni; Michela Francalanci; Francesco Annunziato; Elena Lazzeri; Stefano Giannini; Lorenzo Cosmi; Costanza Sagrinati; Benedetta Mazzinghi; Claudio Orlando; Enrico Maggi; Fabio Marra; Sergio Romagnani; Mario Serio; Paola Romagnani","The Journal of Experimental Medicine"
"https://openalex.org/W2178136588","https://doi.org/10.1109/pacrim.2015.7334861","The beacon identification using low pass filter for Physical Web based IoT services","2015","Byeong-uk Lee; Sun-Young Im; Seungwoon Lee; Bosung Kim; Byeong‐hee Roh; Young‐Bae Ko",NA
"https://openalex.org/W2074938682","https://doi.org/10.1074/jbc.m209486200","A Site in the Fourth Membrane-associated Domain of the N-Methyl-d-aspartate Receptor Regulates Desensitization and Ion Channel Gating","2002","Hong Ren; Yumiko Honse; Brian J. Karp; Robert H. Lipsky; Robert W. Peoples","Journal of Biological Chemistry"
"https://openalex.org/W1795554797","https://doi.org/10.1042/bj2710515","SK&F 96365, a novel inhibitor of receptor-mediated calcium entry","1990","J E Merritt; W P Armstrong; Christopher D. Benham; Trevor J. Hallam; Ron Jacob; Albert Jaxa‐Chamiec; B. K. Leigh; Sam McCarthy; Kitty Moores; T J Rink","Biochemical Journal"
"https://openalex.org/W2142623609","https://doi.org/10.1210/en.2003-1699","Androgens Regulate Phosphodiesterase Type 5 Expression and Functional Activity in Corpora Cavernosa","2004","Annamaria Morelli; Sandra Filippi; Rosa Mancina; Michaela Luconi; Linda Vignozzi; Mirca Marini; Claudio Orlando; Gabriella Barbara Vannelli; Antônio Aversa; Alessandro Natali; Gianni Forti; Mauro Giorgi; Emmanuele A. Jannini; Fabrizio Ledda; Mario Maggi","Endocrinology"
"https://openalex.org/W2164471793","https://doi.org/10.1172/jci114644","Decreased effect of insulin to stimulate skeletal muscle blood flow in obese man. A novel mechanism for insulin resistance.","1990","Markku Laakso; Steven V. Edelman; Ginger Brechtel; A. D. Baron","Journal of Clinical Investigation"
"https://openalex.org/W2053074524","https://doi.org/10.1111/j.1476-5381.1993.tb13617.x","Development of a radioligand binding assay for 5‐HT4 receptors in guinea‐pig and rat brain","1993","Carol J. Grossman; Gavin J. Kilpatrick; K T Bunce","British Journal of Pharmacology"
"https://openalex.org/W1967352670","https://doi.org/10.1074/jbc.270.20.11707","Pleckstrin Homology Domain-mediated Membrane Association and Activation of the β-Adrenergic Receptor Kinase Requires Coordinate Interaction with Gβγ Subunits and Lipid","1995","Julie A. Pitcher; Kazushige Touhara; E.S. Payne; Robert J. Lefkowitz","Journal of Biological Chemistry"
"https://openalex.org/W2025678690","https://doi.org/10.1111/j.1476-5381.1994.tb14808.x","In vivoproperties of SB 200646A, a 5‐HT2C/2Breceptor antagonist","1994","G.A. Kennett; Martyn Wood; A.C.A. Glen; Savraj Grewal; I. Forbes; Angela Gadre; Thomas P. Blackburn","British Journal of Pharmacology"
"https://openalex.org/W1974573132","https://doi.org/10.1111/j.1476-5381.1991.tb12423.x","Investigation into species variants in tachykinin NK1 receptors by use of the non‐peptide antagonist, CP‐96,345","1991","I.J.M. Beresford; P.J. Birch; R.M. Hagan; S.J. Ireland","British Journal of Pharmacology"
"https://openalex.org/W2059501084","https://doi.org/10.1111/j.1476-5381.1993.tb13737.x","Estimation of competitive antagonist affinity from functional inhibition curves using the Gaddum, Schild and Cheng‐Prusoíf equations","1993","Sebastian Lazareno; N.J.M. Birdsall","British Journal of Pharmacology"
"https://openalex.org/W2122669560","https://doi.org/10.1183/09031936.96.09122479","Videomicroscopy of methacholine-induced contraction of individual airways in precision-cut lung slices","1996","Carlos Martı́n; Stefan Uhlig; V. Ullrich","European Respiratory Journal"
"https://openalex.org/W2088747854","https://doi.org/10.1074/jbc.271.17.9902","(—)-Δ9-Tetrahydrocannabinol Antagonizes the Peripheral Cannabinoid Receptor-mediated Inhibition of Adenylyl Cyclase","1996","Michael Bayewitch; Man Hee Rhee; Tomer Avidor‐Reiss; Aviva Breuer; Raphael Mechoulam; Zvi Vogel","Journal of Biological Chemistry"
"https://openalex.org/W2034697832","https://doi.org/10.1111/j.1476-5381.1992.tb13386.x","Histamine H 3 receptors modulate the release of [ 3 H]‐acetylcholine from slices of rat entorhinal cortex: evidence for the possible existence of H 3 receptor subtypes","1992","Jane Clapham; Gavin J. Kilpatrick","British Journal of Pharmacology"
"https://openalex.org/W2158837909","https://doi.org/10.1210/jcem.83.3.4672","Identification and Characterization of Functional Nongenomic Progesterone Receptors on Human Sperm Membrane1","1998","Michaela Luconi; Lorella Bonaccorsi; Mario Maggi; PAOLA PECCHIOLI; Csilla Krausz; Gianni Forti; Elisabetta Baldi","The Journal of Clinical Endocrinology & Metabolism"
"https://openalex.org/W1830280146","https://doi.org/10.1002/j.1939-4640.1991.tb01610.x","Intracellular Calcium Accumulation and Responsiveness to Progesterone in Capacitating Human Spermatozoa","1991","Elisabetta Baldi; ROSARIA CASANO; COSTANZA FALSETTI; Csilla Krausz; Mario Maggi; Gianni Forti","Journal of Andrology"
"https://openalex.org/W2472449491","https://doi.org/10.1182/blood.v76.10.2098.2098","Selective inhibition of human neutrophil functional responsiveness by erbstatin, an inhibitor of tyrosine protein kinase","1990","PH Naccache; Caroline Gilbert; AC Caon; Muriel Gaudry; CK Huang; VA Bonak; Kazuo Umezawa; SR McColl","Blood"
"https://openalex.org/W2130447231","https://doi.org/10.1084/jem.167.3.1186","Adenosine promotes neutrophil chemotaxis.","1988","France Rose; Rochelle Hirschhorn; Gerald Weissmann; Bruce N. Cronstein","The Journal of Experimental Medicine"
"https://openalex.org/W2033762218","https://doi.org/10.1038/npp.1993.53","Developmental Differences in Acute Nigrostriatal and Mesocorticolimbic System Response to Haloperidol","1993","Martin H. Teicher; Natacha I. Barber; Harris A. Gelbard; Amelia L. Gallitano; Alexander Campbell; Elda R. Marsh; Ross J. Baldessarini","Neuropsychopharmacology"
"https://openalex.org/W2024156686","https://doi.org/10.3758/brm.41.4.1083","Statistical power analysis for growth curve models using SAS","2009","Zhiyong Zhang; Lijuan Wang","Behavior Research Methods"
"https://openalex.org/W2076588421","https://doi.org/10.1289/ehp.0901819","Bisphenol AF Is a Full Agonist for the Estrogen Receptor ERα but a Highly Specific Antagonist for ERβ","2010","Ayami Matsushima; Xiaohui Liu; Hiroyuki Okada; Miki Shimohigashi; Yasuyuki Shimohigashi","Environmental Health Perspectives"
"https://openalex.org/W1987745937","https://doi.org/10.1203/00006450-198606000-00017","The Immature Rat Small Intestine Exhibits an Increased Sensitivity and Response to Escherichia coli Heat-Stable Enterotoxin","1986","Mitchell B. Cohen; M. Susan Moyer; Marcia Luttrell; Ralph A. Giannella","Pediatric Research"
"https://openalex.org/W1992123329","https://doi.org/10.1111/j.1476-5381.1989.tb16896.x","Functional and binding studies with muscarinic M2‐subtype selective antagonists","1989","Sebastian Lazareno; F. F. Roberts","British Journal of Pharmacology"
"https://openalex.org/W1998795762","https://doi.org/10.1172/jci119225","Somatostatin receptor subtype specificity in human fetal pituitary cultures. Differential role of SSTR2 and SSTR5 for growth hormone, thyroid-stimulating hormone, and prolactin regulation.","1997","Ilan Shimon; John E. Taylor; J. Z. Dong; R A Bitonte; S. Kim; B.A. Morgan; D.H. Coy; Michael D. Culler; Шломо Мелмед","Journal of Clinical Investigation"
"https://openalex.org/W2077243564","https://doi.org/10.1007/s002109900186","Activation of the A3 adenosine receptor affects cell cycle progression and cell growth","2000","Roberta Brambilla; Flaminio Cattabeni; Stefania Ceruti; Daniela Barbieri; Claudio Franceschi; Y.-C. Kim; Kenneth A. Jacobson; Karl‐Norbert Klotz; Martin J. Lohse; Maria P. Abbracchio","Naunyn-Schmiedeberg s Archives of Pharmacology"
"https://openalex.org/W2133267910","https://doi.org/10.1161/01.hyp.11.3.209","Mechanism of inhibition of human renin by monoclonal antibodies.","1988","M M de Gasparo; J M Wood; C H Heusser","Hypertension"
"https://openalex.org/W2164879591","https://doi.org/10.1161/01.hyp.33.1.548","Clonidine Prevents Insulin Resistance and Hypertension in Obese Dogs","1999","Albert P. Rocchini; Hui Mao; Keshava Babu; Paul H. Marker; Albert J. Rocchini","Hypertension"
"https://openalex.org/W1969378517","https://doi.org/10.1016/0014-2999(88)90413-x","Absence of receptor reserve at striatal dopamine receptors regulating cholinergic neuronal activity","1988","Emanuel Meller; Albert Enz; Menek Goldstein","European Journal of Pharmacology"
"https://openalex.org/W1994056464","https://doi.org/10.1007/bf00401833","Gastric emptying is accelerated in diabetic BB rats and is slowed by subcutaneous injections of amylin","1995","Andrew A. Young; Bronislava Gedulin; William Vine; Amy Percy; T J Rink","Diabetologia"
"https://openalex.org/W1996075197","https://doi.org/10.1172/jci113874","Antagonism of thyroid hormone action by amiodarone in rat pituitary tumor cells.","1989","Mark F. Norman; T N Lavin","Journal of Clinical Investigation"
"https://openalex.org/W244773436","https://doi.org/10.1042/bj2660107","The inhibition of insulin action and glucose metabolism by porcine growth hormone in porcine adipocytes is not the result of any decrease in insulin binding or insulin receptor kinase activity","1990","K. A. Magri; Martin L. Adamo; Derek LeRoith; Terry D. Etherton","Biochemical Journal"
"https://openalex.org/W2000408031","https://doi.org/10.1016/0165-3806(90)90173-v","Dopamine D1 receptor development depends on endogenous dopamine","1990","Harris A. Gelbard; Martin H. Teicher; Ross J. Baldessarini; Amelia L. Gallitano; Elda R. Marsh; Joseph J. Zorc; Gianni L. Faedda","Developmental Brain Research"
"https://openalex.org/W1950249526","https://doi.org/10.1016/0016-5085(90)91314-v","Muscarinic receptors mediating acid secretion in isolated rat gastric parietal cells are of M3 type","1990","Andreas Pfeiffer; H. Rochlitz; B Noelke; Reinhold Tacke; Ulrich Moser; E. Mutschler; G. Lambrecht","Gastroenterology"
"https://openalex.org/W2036018982","https://doi.org/10.1016/0039-128x(92)90066-i","Effects of a normal, human-concentration, phytoestrogen diet on rat uterine growth","1992","Patricia L. Whitten; Elizabeth S. Russell; Frederick Naftolin","Steroids"
"https://openalex.org/W2003783903","https://doi.org/10.1172/jci115117","Reduced capacity and affinity of skeletal muscle for insulin-mediated glucose uptake in noninsulin-dependent diabetic subjects. Effects of insulin therapy.","1991","A. D. Baron; Markku Laakso; Ginger Brechtel; Steven V. Edelman","Journal of Clinical Investigation"
"https://openalex.org/W2104015502","https://doi.org/10.1095/biolreprod54.3.546","Changing Dose of Progesterone Results in Sudden Changes in Frequency of Luteinizing Hormone Pulses and Secretion of 17β-Estradiol in Bovine Females1","1996","E.G.M. Bergfeld; F. N. Kojima; Andrea S. Cupp; M.E. Wehrman; K. E. Peters; V. Mariscal; Tania Sánchez; J. E. Kinder","Biology of Reproduction"
"https://openalex.org/W2273482247","https://doi.org/10.1042/bj2520709","Occupancy of adenosine receptors raises cyclic AMP alone and in synergy with occupancy of chemoattractant receptors and inhibits membrane depolarization","1988","Bruce N. Cronstein; Sara B. Kramer; Elliot D. Rosenstein; Helen M. Korchak; Gerald Weissmann; Rochelle Hirschhorn","Biochemical Journal"
"https://openalex.org/W2136835819","https://doi.org/10.1111/j.1476-5381.1985.tb08887.x","Histamine‐induced inositol phospholipid breakdown in the longitudinal smooth muscle of guinea‐pig ileum","1985","Jill Donaldson; Stephen J. Hill","British Journal of Pharmacology"
"https://openalex.org/W2166276231","https://doi.org/10.3382/ps.2010-00728","Reproductive hormones, hepatic deiodinase messenger ribonucleic acid, and vasoactive intestinal polypeptide-immunoreactive cells in hypothalamus in the heat stress-induced or chemically induced hypothyroid laying hen","2010","Samar A. Elnagar; S.E. Scheideler; Mary M. Beck","Poultry Science"
"https://openalex.org/W2132552212","https://doi.org/10.1677/joe-07-0240","Methimazole inhibits CXC chemokine ligand 10 secretion in human thyrocytes","2007","Clara Crescioli; Lorenzo Cosmi; Elisa Borgogni; Veronica Santarlasci; Stefania Gelmini; Mariangela Sottili; Erica Sarchielli; Benedetta Mazzinghi; Michela Francalanci; Anna Pezzatini; Giuliano Perigli; Gabriella Barbara Vannelli; Francesco Annunziato; M. Serio","Journal of Endocrinology"
"https://openalex.org/W4399640616","https://doi.org/10.32614/cran.package.broom.mixed","broom.mixed: Tidying Methods for Mixed Models","2018","Benjamin M. Bolker; David P. Robinson",NA
"https://openalex.org/W2047182549","https://doi.org/10.1074/jbc.271.27.16047","Inhibition of Growth Factor-induced Protein Synthesis by a Selective MEK Inhibitor in Aortic Smooth Muscle Cells","1996","Marc J. Servant; Edith Giasson; Sylvain Meloche","Journal of Biological Chemistry"
"https://openalex.org/W2028249028","https://doi.org/10.1016/0014-5793(95)00154-2","κ‐Opioid receptor‐transfected cell lines: modulation of adenylyl cyclase activity following acute and chronic opioid treatments","1995","Tomer Avidor‐Reiss; Renata Zippel; Rivka Levy; Danielle Saya; Vittoria Ezra; Jacob Barg; Noa Matus-Leibovitch; Zvi Vogel","FEBS Letters"
"https://openalex.org/W3179119236",NA,"Technology Blueprint of AllFit Apps / Muhammad Fikry Kamarulzaman","2020","Muhammad Fikry Kamarulzaman","UiTM Institutional Repositories (Universiti Teknologi MARA)"
"https://openalex.org/W1754051944","https://doi.org/10.1042/bj2760163","Interactions between inositol tris- and tetrakis-phosphates. Effects on intracellular Ca2+ mobilization in SH-SY5Y cells","1991","Debra J. Gawler; B. V. L. POTTER; Roy Gigg; S. R. Nahorski","Biochemical Journal"
"https://openalex.org/W2012087360","https://doi.org/10.1111/j.1476-5381.1988.tb11406.x","Zolantidine (SK&F 95282) is a potent selective brain‐penetrating histamine H2‐receptor antagonist","1988","C.R. Calcutt; C. Robin Ganellin; R R Griffiths; B. K. Leigh; J.P. Maguire; R.C. Mitchell; M. E. Mylek; Michael E. Parsons; Ian R. Smith; Robert C. Young","British Journal of Pharmacology"
"https://openalex.org/W1881742754","https://doi.org/10.1523/jneurosci.18-15-05586.1998","Cloning and Functional Expression of anAplysia5-HT Receptor Negatively Coupled to Adenylate Cyclase","1998","Annie Angers; Maksim Storozhuk; Thomas F. Duchaîne; Vincent F. Castellucci; Luc DesGroseillers","Journal of Neuroscience"
"https://openalex.org/W4230450772","https://doi.org/10.1210/jc.83.3.877","Identification and Characterization of Functional Nongenomic Progesterone Receptors on Human Sperm Membrane","1998","Michaela Luconi","The Journal of Clinical Endocrinology & Metabolism"
"https://openalex.org/W2062455944","https://doi.org/10.1111/j.1476-5381.1993.tb13738.x","Pharmacological characterization of acetylcholine‐stimulated [35S]‐GTPγS binding mediated by human muscarinic m1–m4 receptors: antagonist studies","1993","Sebastian Lazareno; N.J.M. Birdsall","British Journal of Pharmacology"
"https://openalex.org/W2108059110","https://doi.org/10.1158/1535-7163.mct-05-0120","Biological and molecular properties of a new αvβ3/αvβ5 integrin antagonist","2005","Laura Belvisi; Teresa Riccioni; Marcella Marcellini; Loredana Vesci; Ilaria Chiarucci; Daniela Efrati; Donatella Potenza; Carlo Scolastico; Leonardo Manzoni; Katia Lombardo; Maria Antonietta Stasi; Augusto Orlandi; Alessandro Ciucci; Beatrice Nico; Doménico Ribatti; Giuseppe Giannini; Marco Presta; Paolo Carminati; Claudio Pisano","Molecular Cancer Therapeutics"
"https://openalex.org/W2094278487","https://doi.org/10.1038/sj.bjp.0703666","Effects of volatile solvents on recombinant N‐methyl‐ D ‐aspartate receptors expressed in Xenopus oocytes","2000","Silvia L. Cruz; Robert L. Balster; John J. Woodward","British Journal of Pharmacology"
"https://openalex.org/W2078923563","https://doi.org/10.1074/jbc.270.2.536","The 39-kDa Receptor-associated Protein Modulates Lipoprotein Catabolism by Binding to LDL Receptors","1995","Jheem D. Medh; Glenna L. Fry; Susan L. Bowen; Marc W. Pladet; Dudley K. Strickland; David Chappell","Journal of Biological Chemistry"
"https://openalex.org/W2039836698","https://doi.org/10.1111/j.1476-5381.1987.tb11253.x","The affinities, potencies and efficacies of some benzodiazepine‐receptor agonists, antagonists and inverse‐agonists at rat hippocampal GABAA‐receptors","1987","John A. Kemp; Garland R. Marshall; Erik H.F. Wong; G.N. Woodruff","British Journal of Pharmacology"
"https://openalex.org/W1879555709","https://doi.org/10.1042/bj2530901","Stereospecific mobilization of intracellular Ca2+ by inositol 1,4,5-triphosphate. Comparison with inositol 1,4,5-trisphosphorothioate and inositol 1,3,4-trisphosphate","1988","J Strupish; Allan M. Cooke; B. V. L. POTTER; Roy Gigg; Stefan R. Nahorski","Biochemical Journal"
"https://openalex.org/W2134616533","https://doi.org/10.1210/jcem.86.8.7712","Characterization of Human FSH Isoforms Reveals a Nonglycosylatedβ -Subunit in Addition to the Conventional Glycosylatedβ -Subunit","2001","Wendy J. Walton; Van Nguyen; Vladimir Y. Butnev; Vinod Singh; William T. Moore; George R. Bousfield","The Journal of Clinical Endocrinology & Metabolism"
"https://openalex.org/W2182318919","https://doi.org/10.1095/biolreprod60.2.405","Circulating Concentrations of Estradiol, Luteinizing Hormone, and Follicle-Stimulating Hormone during Waves of Ovarian Follicular Development in Prepubertal Cattle1","1999","E.J. Melvin; B.R. Lindsey; J.A. Quintal-Franco; Eraldo Lourenso Zanella; Karol E Fike; Curtis P. Van Tassell; J. E. Kinder","Biology of Reproduction"
"https://openalex.org/W2023779179","https://doi.org/10.1016/s0167-0115(03)00120-4","The importance of the nine-amino acid C-terminal sequence of exendin-4 for binding to the GLP-1 receptor and for biological activity","2003","Maı̀re E. Doyle; Michael J. Theodorakis; Harold W. Holloway; Michel Bernier; Nigel H. Greig; Josephine M. Egan","Regulatory Peptides"
"https://openalex.org/W2127323917","https://doi.org/10.1093/humrep/16.9.1931","Phosphatidylinositol 3-kinase inhibition enhances human sperm motility","2001","Michaela Luconi; Fabio Marra; L. Gandini; E. Filimberti; Andrea Lenzi; Gianni Forti; Elisabetta Baldi","Human Reproduction"
"https://openalex.org/W4313342459","https://doi.org/10.4049/jimmunol.160.8.3869","Selective Inhibition of Expression of the Chemokine Receptor CCR2 in Human Monocytes by IFN-γ","1998","Giselle Pentón‐Rol; Nadia Polentarutti; Walter Luini; Alessandro Borsatti; Roberta Mancinelli; Antonio Sica; Silvano Sozzani; Alberto Mantovani","The Journal of Immunology"
"https://openalex.org/W2109067572","https://doi.org/10.1523/jneurosci.17-11-04066.1997","Somatostatin Inhibits Excitatory Transmission at Rat Hippocampal Synapses via Presynaptic Receptors","1997","Stefan Boehm; Heinrich Betz","Journal of Neuroscience"
"https://openalex.org/W2072409558","https://doi.org/10.1038/ki.1985.11","Effects of ibuprofen, naproxen, and sulindac on prostaglandins in men","1985","D. Craig Brater; Shirley Anderson; Becky Baird; William B. Campbell","Kidney International"
"https://openalex.org/W2003409160","https://doi.org/10.1111/j.1476-5381.1995.tb16684.x","Differential effects of acute and chronic fluoxetine administration on the spontaneous activity of dopaminergic neurones in the ventral tegmental area","1995","Simona Prisco; Ennio Esposito","British Journal of Pharmacology"
"https://openalex.org/W4389379868","https://doi.org/10.1016/j.hansur.2023.09.308","Brûlure de doigt 3e degré induite par oxymètre de pouls lors d’une IRM : présentation d’un cas","2023","Anne‐Isabelle Chabridon; Mathilde Payen; I. Auquit-Auckbur","Hand surgery & rehabilitation"
"https://openalex.org/W2009423131","https://doi.org/10.1111/j.1476-5381.1988.tb11451.x","Relative affinities of drugs acting at cholinoceptors in displacing agonist and antagonist radioligands: the NMS/Oxo‐M ratio as an index of efficacy at cortical muscarinic receptors","1988","Stephen B. Freedman; Elizabeth A. Harley; Leslie L. Iversen","British Journal of Pharmacology"
"https://openalex.org/W1969168512","https://doi.org/10.1111/j.1476-5381.1989.tb11953.x","Further characterization of the 5‐HT receptor mediating vascular relaxation and elevation of cyclic AMP in porcine isolated vena cava","1989","Michael Sumner; W. Feniuk; P.P.A. Humphrey","British Journal of Pharmacology"
"https://openalex.org/W4235184415","https://doi.org/10.1210/jc.84.5.1670","Identification and Characterization of a Novel Functional Estrogen Receptor on Human Sperm Membrane That Interferes with Progesterone Effects","1999","Michaela Luconi","The Journal of Clinical Endocrinology & Metabolism"
"https://openalex.org/W1668745163","https://doi.org/10.1523/jneurosci.07-11-03665.1987","Alpha-2 adrenergic regulation of melatonin release in chick pineal cell cultures","1987","BL Pratt; Joseph S. Takahashi","Journal of Neuroscience"
"https://openalex.org/W2106039105","https://doi.org/10.1530/joe-11-0289","Testosterone protects from metabolic syndrome-associated prostate inflammation: an experimental study in rabbit","2011","Linda Vignozzi; Annamaria Morelli; Erica Sarchielli; Paolo Comeglio; Sandra Filippi; Ilaria Cellai; Elena Maneschi; Sergio Serni; Mauro Gacci; Marco Carini; Marie‐Pierre Piccinni; Farid Saad; Luciano Adorini; Gabriella Barbara Vannelli; Mario Maggi","Journal of Endocrinology"
"https://openalex.org/W2159515861","https://doi.org/10.1161/01.res.85.9.796","Identification and Characterization of a New Growth Hormone–Releasing Peptide Receptor in the Heart","1999","V. Bodart; J. F. Bouchard; Normand McNicoll; Emanuel Escher; Paul D. Carrière; Ezio Ghigo; Torsten Sejlitz; Martin G. Sirois; Daniel Lamontagne; Hui Xin Ong","Circulation Research"
"https://openalex.org/W3217397344","https://doi.org/10.3390/w13233379","Improving Drought Modeling Using Hybrid Random Vector Functional Link Methods","2021","Rana Muhammad Adnan; Reham R. Mostafa; Abu Reza Md. Towfiqul Islam; Alireza Docheshmeh Gorgij; Alban Kuriqi; Özgür Kişi","Water"
"https://openalex.org/W1901117276","https://doi.org/10.2147/jpr.s18353","Analgesic efficacy of CR4056, a novel imidazoline-2 receptor ligand, in rat models of inflammatory and neuropathic pain","2011","Marco Lanza; Ferrari; Fiorentino; Mennuni; Garofalo; Ornella Letari; Mandelli; Antonio Giordani; Gianfranco Caselli","Journal of Pain Research"
"https://openalex.org/W2029462636","https://doi.org/10.1172/jci112019","Effects of exercise training on in vivo insulin action in individual tissues of the rat.","1985","David E. James; Edward W. Kraegen; Donald J. Chisholm","Journal of Clinical Investigation"
"https://openalex.org/W2068501011","https://doi.org/10.1111/j.1476-5381.1995.tb13277.x","A new class of furoxan derivatives as NO donors: mechanism of action and biological activity","1995","R. Ferioli; Giancarlo Folco; C. Ferretti; Alberto Gasco; Claudio Medana; Roberta Fruttero; Maurizio Civelli; Alberto Gasco","British Journal of Pharmacology"
"https://openalex.org/W2061430646","https://doi.org/10.1172/jci113677","Multiple feedback regulatory loops upon rat hypothalamic corticotropin-releasing hormone secretion. Potential clinical implications.","1988","Aldo E. Calogero; William T. Gallucci; P W Gold; George P. Chrousos","Journal of Clinical Investigation"
"https://openalex.org/W2058126701","https://doi.org/10.1111/j.1476-5381.1995.tb16632.x","Synergy between the inositol phosphate responses to transfected human adenosine A1‐receptors and constitutive P2‐purinoceptors in CHO‐K1 cells","1995","Anne Megson; John M. Dickenson; Andrea Townsend‐Nicholson; Stephen J. Hill","British Journal of Pharmacology"
"https://openalex.org/W1543081479","https://doi.org/10.1016/s0893-133x(96)00239-4","Increase in AP-1 Transcription Factor DNA Binding Activity by Valproic Acid","1997","C Guang","Neuropsychopharmacology"
"https://openalex.org/W245143941","https://doi.org/10.1002/j.1460-2075.1995.tb00241.x","Mutation of tyrosine‐141 inhibits insulin‐promoted tyrosine phosphorylation and increased responsiveness of the human beta 2‐adrenergic receptor.","1995","Manon Valiquette; S. Parent; Thomas P. Loisel; Michel Bouvier","The EMBO Journal"
"https://openalex.org/W2040726492","https://doi.org/10.1172/jci112837","Potent in vitro and in vivo antitoxoplasma activity of the lipid-soluble antifolate trimetrexate.","1987","Carmen J. Allegra; Joseph A. Kovacs; J C Drake; J C Swan; Bruce A. Chabner; Henry Masur","Journal of Clinical Investigation"
"https://openalex.org/W1995259980","https://doi.org/10.1086/432027","The Evolution of the Optical and Near‐Infrared Galaxy Luminosity Functions and Luminosity Densities to z ∼ 2","2005","T. Dahlén; Bahram Mobasher; Rachel S. Somerville; Leonidas A. Moustakas; Mark Dickinson; Henry C. Ferguson; Mauro Giavalisco","The Astrophysical Journal"
"https://openalex.org/W2058655926","https://doi.org/10.1111/j.1476-5381.1991.tb12203.x","Pharmacological profile of various κ‐agonists at κ‐, μ‐ and δ‐opioid receptors mediating presynaptic inhibition of neurotransmitter release in the rat brain","1991","A.H. Mulder; Danielle Burger; George Wardeh; François Hogenboom; Abraham L. Frankhuyzen","British Journal of Pharmacology"
"https://openalex.org/W2091069527","https://doi.org/10.1210/jc.2002-021085","Expression of Functional Estrogen Receptors in Human Fetal Male External Genitalia","2003","Clara Crescioli; Mario Maggi; Gabriella Barbara Vannelli; Pietro Ferruzzi; Simone Granchi; Rosa Mancina; Monica Muratori; Gianni Forti; M. Serio; Michaela Luconi","The Journal of Clinical Endocrinology & Metabolism"
"https://openalex.org/W3195523404","https://doi.org/10.3390/en14165022","Parameter Identification of Proton Exchange Membrane Fuel Cell Based on Hunger Games Search Algorithm","2021","Samuel Raafat Fahim; Hany M. Hasanien; Rania A. Turky; Abdulaziz Alkuhayli; Abdullrahman A. Al-Shamma’a; Abdullah M. Noman; Marcos Tostado‐Véliz; Francisco Jurado","Energies"
"https://openalex.org/W1973181280","https://doi.org/10.1016/s0893-133x(97)00046-8","Long-Term Effects of S(+)N-n-Propylnorapomorphine Compared with Typical and Atypical Antipsychotics: Differential Increases of Cerebrocortical D2-Like and Striatolimbic D4-Like Dopamine Receptors","1997","F Tarazi","Neuropsychopharmacology"
"https://openalex.org/W2028101732","https://doi.org/10.1016/s0006-8993(96)00780-9","Single-channel and whole-cell analysis of ethanol inhibition of NMDA-activated currents in cultured mouse cortical and hippocampal neurons","1996","Jerry Wright; Robert W. Peoples; Forrest F. Weight","Brain Research"
"https://openalex.org/W2049632194","https://doi.org/10.1042/bj20040036","Identification of the growth hormone-releasing peptide binding site in CD36: a photoaffinity cross-linking study","2004","Annie Demers; Normand McNicoll; Maria Febbraio; Marc J. Servant; Sylvie Marleau; Roy L. Silverstein; Huy Ong","Biochemical Journal"
"https://openalex.org/W2066271355","https://doi.org/10.1046/j.1471-4159.1997.68062308.x","Regulation of Corticotropin‐Releasing Factor Receptor Function in Human Y‐79 Retinoblastoma Cells: Rapid and Reversible Homologous Desensitization but Prolonged Recovery","1997","Richard L. Hauger; Frank M. Dautzenberg; Andrea Flaccus; Thomas Liepold; Joachim Spiess","Journal of Neurochemistry"
"https://openalex.org/W2064659767","https://doi.org/10.1155/2008/904041","Rosiglitazone Inhibits Adrenocortical Cancer Cell Proliferation by Interfering with the IGF‐IR Intracellular Signaling","2008","Giulia Cantini; Adriana Lombardi; Elisabetta Piscitelli; G Poli; E. Ceni; Sara Marchiani; Tonino Ercolino; Andrea Galli; Mario Serio; Massimo Mannelli; Michaela Luconi","PPAR Research"
"https://openalex.org/W2063381978","https://doi.org/10.1007/s001250050920","Improvement of insulin sensitivity and cardiovascular outcomes in the JCR:LA-cp rat by D-fenfluramine","1998","James C. Russell; Peter J. Dolphin; Sandra E. Graham; R.M. Amy; David N. Brindley","Diabetologia"
"https://openalex.org/W2113414579","https://doi.org/10.1210/endo.140.4.6635","Thyroid Hormone Effects on Mouse Oocyte Maturation and Granulosa Cell Aromatase Activity1","1999","Sandra Cecconi; Nadia Rucci; Maria Lucia Scaldaferri; Maria Paola Masciulli; Gianna Rossi; Costanzo Moretti; M D’Armiento; Salvatore Ulisse","Endocrinology"
"https://openalex.org/W1504849530","https://doi.org/10.1016/s0021-9258(18)42679-8","Inhibition of membrane fusion in vitro via cyclin B but not cyclin A.","1992","L. A. Thomas; Paul R. Clarke; Michele Pagano; Jean Grüenberg","Journal of Biological Chemistry"
"https://openalex.org/W2171313353","https://doi.org/10.1172/jci112490","Decreased hypothalamic growth hormone-releasing hormone content and pituitary responsiveness in hypothyroidism.","1986","Hideki Katakami; Thomas R. Downs; L A Frohman","Journal of Clinical Investigation"
"https://openalex.org/W4308042171","https://doi.org/10.1007/s00521-022-07916-9","Fuzzy-based hunger games search algorithm for global optimization and feature selection using medical data","2022","Essam H. Houssein; Mosa E. Hosney; Waleed M. Mohamed; Abdelmgeid A. Ali; Eman M. G. Younis","Neural Computing and Applications"
"https://openalex.org/W2053278687","https://doi.org/10.1016/0197-4580(95)02015-2","Hippocampal muscarinic receptor function in spatial learning-impaired aged rats","1995","Michael Chouinard; Michela Gallagher; Robert P. Yasuda; Barry B. Wolfe; Michael McKinney","Neurobiology of Aging"
"https://openalex.org/W2049927555","https://doi.org/10.1111/j.1476-5381.1995.tb15091.x","Effects of the novel anti‐inflammatory compounds, N‐[2‐(cyclohexyloxy)‐4‐nitrophenyl] methanesulphonamide (NS‐398) and 5‐methanesulphonamido‐6‐(2, 4‐difluorothiophenyl)‐1‐indanone (L‐745, 337), on the cyclo‐oxygenase activity of human blood prostaglandin endoperoxide synthases","1995","Maria R. Panara; Anita Greco; Giovanna Santini; Maria G. Sciulli; Maria T. Rotondo; Roberto Padovano; Maria di Giamberardino; Francesco Cipollone; Franco Cuccurullo; Carlo Patrono; Paola Patrignani","British Journal of Pharmacology"
"https://openalex.org/W3208945356","https://doi.org/10.3390/en14216962","OPF of Modern Power Systems Comprising Renewable Energy Sources Using Improved CHGS Optimization Algorithm","2021","Mohamed A. M. Shaheen; Hany M. Hasanien; Rania A. Turky; Martin Ćalasan; Ahmed F. Zobaa; Shady H. E. Abdel Aleem","Energies"
"https://openalex.org/W2082916293","https://doi.org/10.1161/01.cir.84.6.2559","Desensitization of myocardial beta-adrenergic receptors during cardiopulmonary bypass. Evidence for early uncoupling and late downregulation.","1991","Debra A. Schwinn; Bruce J. Leone; D R Spahn; L C Chesnut; Stella O. Page; Robert L. McRae; Stephen B. Liggett","Circulation"
"https://openalex.org/W2182330615","https://doi.org/10.1084/jem.176.6.1681","Endogenous peptides of a soluble major histocompatibility complex class I molecule, H-2Lds: sequence motif, quantitative binding, and molecular modeling of the complex.","1992","Maripat Corr; Lisa F. Boyd; Sam Frankel; Steven Kozlowski; Eduardo A. Padlan; David H. Margulies","The Journal of Experimental Medicine"
"https://openalex.org/W1980987767","https://doi.org/10.1074/jbc.272.29.18179","Ligand-induced Internalization of Cholecystokinin Receptors","1997","Markus Pohl; Sandrine Silvente‐Poirot; Joseph R. Pisegna; Nadya I. Tarasova; Stephen A. Wank","Journal of Biological Chemistry"
"https://openalex.org/W4327650156","https://doi.org/10.1016/j.prime.2022.100039","A novel improved version of hunger games search algorithm for function optimization and efficient controller design of buck converter system","2022","Davut İzci; Serdar Ekinci","e-Prime - Advances in Electrical Engineering Electronics and Energy"
"https://openalex.org/W2017785830","https://doi.org/10.1210/en.2002-0210","Inhibition of Spontaneous and Androgen-Induced Prostate Growth by a Nonhypercalcemic Calcitriol Analog","2003","Clara Crescioli; Pietro Ferruzzi; Andrea Caporali; Rosa Mancina; Alessandra Comerci; Monica Muratori; Maurizio Scaltriti; Gabriella Barbara Vannelli; Simona Smiroldo; Roberto Mariani; Donata Villari; Saverio Bettuzzi; M. Serio; Luciano Adorini; Mario Maggi","Endocrinology"
"https://openalex.org/W2009520152","https://doi.org/10.1136/emj.13.1.54","Children with seizures presenting to accident and emergency.","1996","Robert A. Smith; Timothy Martland; M F Lowry","Emergency Medicine Journal"
"https://openalex.org/W1983493628","https://doi.org/10.1111/j.1745-7254.2005.00069.x","Ascorbic acid improves impaired venous and arterial endothelium-dependent dilation in smokers1","2005","Márcio Gonçalves de Sousa; Juan Carlos Yugar‐Toledo; Marcelo Custódio Rubira; Sílvia Elaine Ferreira‐Melo; Rodrigo Della Méa Plentz; D. Barbieri; Fernanda Marciano Consolim‐Colombo; Maria Cláudia Irigoyen; Heitor Moreno","Acta Pharmacologica Sinica"
"https://openalex.org/W2117946812","https://doi.org/10.1523/jneurosci.19-02-00737.1999","ATP Stimulates Sympathetic Transmitter Release via Presynaptic P2X Purinoceptors","1999","Stefan Boehm","Journal of Neuroscience"
"https://openalex.org/W1492563575","https://doi.org/10.1111/j.1476-5381.2010.01192.x","Peripheral antinociceptive effects of inhibitors of monoacylglycerol lipase in a rat model of inflammatory pain","2010","Josée Guindon; Ana Guijarro; Daniele Piomelli; Andrea G. Hohmann","British Journal of Pharmacology"
"https://openalex.org/W2080926395","https://doi.org/10.1038/sj.bjp.0705087","The ACh‐induced contraction in rat aortas is mediated by the Cys Lt1 receptor via intracellular calcium mobilization in smooth muscle cells","2003","Luca Mazzetti; S. Franchi‐Micheli; Silvia Nistri; Silvia Quattrone; Ruggero Simone; Mario Ciuffi; L. Zilletti; Paola Failli","British Journal of Pharmacology"
"https://openalex.org/W2000982143","https://doi.org/10.1111/j.1476-5381.1989.tb12591.x","3‐Aminopropylphosphinic acid—a potent, selective GABAB receptor agonist in the guinea‐pig ileum and rat anococcygeus muscle","1989","Judith M. Hills; Rhona A. Dingsdale; Michael E. Parsons; Roland E. Dolle; William Howson","British Journal of Pharmacology"
"https://openalex.org/W2464029665","https://doi.org/10.1182/blood.v81.5.1306.1306","Human high molecular weight kininogen binds to human umbilical vein endothelial cells via its heavy and light chains","1993","SR Reddigari; Piotr Kuna; G. Miragliotta; Yoji Shibayama; K Nishikawa; Kaplan Ap","Blood"
"https://openalex.org/W2029218848","https://doi.org/10.1093/ps/86.3.538","Physiological Changes to Transient Exposure to Heat Stress Observed in Laying Hens","2007","D.J. Franco-Jimenez; Mary M. Beck","Poultry Science"
"https://openalex.org/W2051107041","https://doi.org/10.1210/endo.140.5.6706","Expression of Three Distinct Somatostatin Messenger Ribonucleic Acids (mRNAs) in Goldfish Brain: Characterization of the Complementary Deoxyribonucleic Acids, Distribution and Seasonal Variation of the mRNAs, and Action of a Somatostatin-14 Variant*","1999","Xinwei Lin; Carla J Otto; Richard Peter","Endocrinology"
"https://openalex.org/W1641874896","https://doi.org/10.1016/s0021-9258(17)32248-2","Functional role in ligand binding and receptor activation of an asparagine residue present in the sixth transmembrane domain of all muscarinic acetylcholine receptors.","1994","Klaus Blüml; E. Mutschler; J. Wess","Journal of Biological Chemistry"
"https://openalex.org/W2582315611","https://doi.org/10.1103/physrevb.95.014423","First-principles study of exchange interactions of yttrium iron garnet","2017","Li-Shan Xie; Guang-Xi Jin; Lixin He; G. Bauer; Joseph Barker; Ke Xia","Physical review. B./Physical review. B"
"https://openalex.org/W2043393637","https://doi.org/10.1016/s0091-6749(94)70072-9","Histamine-induced venodilation in human beings involves both H1 and H2 receptor subtypes","1994","William D. Dachman; Gabriella Bedarida; Terrence F. Blaschke; Brian B. Hoffman","Journal of Allergy and Clinical Immunology"
"https://openalex.org/W2075130589","https://doi.org/10.1111/j.1476-5381.1988.tb11497.x","A study of the actions of P1‐purinoceptor agonists and antagonists in the mouse vas deferens in vitro","1988","A G Blakeley; Philip M. Dunn; S A Petersen","British Journal of Pharmacology"
"https://openalex.org/W2009953261","https://doi.org/10.1074/jbc.m008260200","Glutathiolation of Proteins by Glutathione DisulfideS-Oxide Derived from S-Nitrosoglutathione","2001","Junfa Li; Freesia L. Huang; Kuo‐Ping Huang","Journal of Biological Chemistry"
"https://openalex.org/W2117709488",NA,"Quantitative ELISA for the detection of potato cyst nematodes in soil samples.","1992","A. Schots; F.J. Gommers; E. Egberts","Socio-Environmental Systems Modeling"
"https://openalex.org/W2106329355","https://doi.org/10.1158/1078-0432.ccr-10-0964","Metabolic Approach to the Enhancement of Antitumor Effect of Chemotherapy: a Key Role of Acetyl- l -Carnitine","2010","Claudio Pisano; Loredana Vesci; Ferdinando Maria Milazzo; Mario B. Guglielmi; Rosanna Foderà; Marcella Barbarino; Maurizio D’Incalci; Massimo Zucchetti; Giovanna Petrangolini; Monica Tortoreto; Paola Perego; Valentina Zuco; Augusto Orlandi; Daniela Passeri; Paolo Carminati; Claudio Cavazza; Franco Zunino","Clinical Cancer Research"
"https://openalex.org/W2027126767","https://doi.org/10.1038/sj.bjp.0701293","Characterization of the Ca2+ responses evoked by ATP and other nucleotides in mammalian brain astrocytes","1997","Carlo Centemeri; Chiara Bolego; Maria P. Abbracchio; Flaminio Cattabeni; L. Puglisi; Geoffrey Burnstock; S. Nicosia","British Journal of Pharmacology"
"https://openalex.org/W1521641197","https://doi.org/10.1523/jneurosci.13-01-00104.1993","Novel opioid binding sites associated with nuclei of NG108-15 neurohybrid cells","1993","Mariana M. Belcheva; Jacob Barg; J Rowiński; W. Matt Clark; CA Gloeckner; Ada Man‐Choi Ho; Gao Xm; D M Chuang; Carmine Coscia","Journal of Neuroscience"
"https://openalex.org/W2078248414","https://doi.org/10.1111/j.1476-5381.1991.tb12494.x","Pharmacological analysis of 5‐hydroxytryptamine effects on electrically stimulated human isolated urinary bladder","1991","Martina Corsi; Claudio Pietra; G Toson; David G. Trist; G. Tuccitto; Walter Artibani","British Journal of Pharmacology"
"https://openalex.org/W2020835847","https://doi.org/10.1038/sj.bjc.6690039","Substance P activates responses correlated with tumour growth in human glioma cell lines bearing tachykinin NK1 receptors","1998","Carla Palma; Federica Nardelli; Stefano Manzini; Carlo Alberto Maggi","British Journal of Cancer"
"https://openalex.org/W2588307949","https://doi.org/10.1016/j.jacc.2017.01.006","Big Data, Health Informatics, and the Future of Cardiovascular Medicine","2017","Joonseok Kim","Journal of the American College of Cardiology"
"https://openalex.org/W2014771565","https://doi.org/10.1016/0014-5793(85)80890-5","Inhibition by forskolin of cytosolic calcium rise, shape change and aggregation in quin2‐loaded human platelets","1985","Stewart O. Sage; T J Rink","FEBS Letters"
"https://openalex.org/W2069913986","https://doi.org/10.1038/sj.bjp.0706990","The antinociceptive effects of intraplantar injections of 2‐arachidonoyl glycerol are mediated by cannabinoid CB2receptors","2006","Josée Guindon; Joannie Desroches; Pierre Beaulieu","British Journal of Pharmacology"
"https://openalex.org/W2003129473","https://doi.org/10.1038/sj.bjp.0702070","Point mutation increases a form of the NK1 receptor with high affinity for neurokinin A and B and septide","1998","Alessandra Ciucci; Carla Palma; Stefano Manzini; Thomas M Werge","British Journal of Pharmacology"
"https://openalex.org/W2074735229","https://doi.org/10.1111/j.1528-1157.1998.tb01290.x","Carbamazepine‐Induced Release of Serotonin from Rat Hippocampus In Vitro","1998","John W. Dailey; Maarten E. A. Reith; Kevin R. Steidley; Joseph C. Milbrandt; Phillip C. Jobe","Epilepsia"
"https://openalex.org/W2011919202","https://doi.org/10.1002/1097-0142(19801215)46:12+<2907::aid-cncr2820461433>3.0.co;2-6","Quantitative characterization of hormone receptors","1980","David Rodbard; Peter J. Munson; Ajit Kumar Thakur","Cancer"
"https://openalex.org/W2022611966","https://doi.org/10.1111/j.1476-5381.1993.tb12833.x","Investigations into factors determining the duration of action of the β2‐adrenoceptor agonist, salmeterol","1993","Anthony T. Nials; Michael Sumner; Malcolm Johnson; Robert A. Coleman","British Journal of Pharmacology"
"https://openalex.org/W2005984247","https://doi.org/10.1038/sj.bjp.0701903","Pharmacological characterization of thromboxane and prostanoid receptors in human isolated urinary bladder","1998","Stéfano Palea; G Toson; Claudio Pietra; David G. Trist; Walter Artibani; Oriana Romano; M. Corsi","British Journal of Pharmacology"
"https://openalex.org/W2026808318","https://doi.org/10.1007/s00125-005-1862-8","A novel complex of arginine–silicate improves micro- and macrovascular function and inhibits glomerular sclerosis in insulin-resistant JCR:LA-cp rats","2005","Spencer D. Proctor; Sandra Kelly; James C. Russell","Diabetologia"
"https://openalex.org/W2006952262","https://doi.org/10.1038/sj.bjp.0701483","Ethanol inhibition of N‐methyl‐ D ‐aspartate‐activated current in mouse hippocampal neurones: whole‐cell patch‐clamp analysis","1997","Robert W. Peoples; Geoffrey White; David M. Lovinger; Forrest F. Weight","British Journal of Pharmacology"
"https://openalex.org/W2013597994","https://doi.org/10.1016/0014-5793(86)80628-7","Low concentrations of the stable prostaglandin endoperoxide U44069 stimulate shape change in quin2‐loaded platelets without a measurable increase in [Ca2+]i","1986","Alec W.M. Simpson; Trevor J. Hallam; T J Rink","FEBS Letters"
"https://openalex.org/W1815056551","https://doi.org/10.1042/bj2740861","Characterization of inositol 1,4,5-trisphosphate- and inositol 1,3,4,5-tetrakisphosphate-binding sites in rat cerebellum","1991","R. A. John Challiss; A L Willcocks; Barbara Mulloy; B. V. L. POTTER; Stefan R. Nahorski","Biochemical Journal"
"https://openalex.org/W2005763707","https://doi.org/10.1111/j.1476-5381.1991.tb09812.x","Receptors mediating tachykinin‐induced contractile responses in guinea‐pig trachea","1991","S.J. Ireland; Fiona P. Bailey; Aaron P. Cook; R.M. Hagan; Christopher Jordan; M. Stephens-Smith","British Journal of Pharmacology"
"https://openalex.org/W2019592403","https://doi.org/10.1074/jbc.274.14.9752","A Disulfide-bridged Mutant of Natriuretic Peptide Receptor-A Displays Constitutive Activity","1999","Jean Labrecque; Normand Mc Nicoll; Martin Marquis; André De Léan","Journal of Biological Chemistry"
"https://openalex.org/W2024308165","https://doi.org/10.1210/endo.142.10.8410","Insertion of an N-Terminal 6-Aminohexanoic Acid after the 7 Amino Acid Position of Glucagon-Like Peptide-1 Produces a Long-Acting Hypoglycemic Agent","2001","Maı̀re E. Doyle; Nigel H. Greig; Harold W. Holloway; Jennifer A. Betkey; Michel Bernier; Josephine M. Egan","Endocrinology"
"https://openalex.org/W1532340562","https://doi.org/10.1523/jneurosci.15-03-02179.1995","Functional interaction of melatonin receptors and D1 dopamine receptors in cultured chick retinal neurons","1995","P. Michael Iuvone; Jiwei Gan","Journal of Neuroscience"
"https://openalex.org/W2217861510","https://doi.org/10.1007/bf03401594","Ciliary Neurotrophic Factor Inhibits Brain and Peripheral Tumor Necrosis Factor Production and, When Coadministered with Its Soluble Receptor, Protects Mice From Lipopolysaccharide Toxicity","1995","Fabio Benigni; Pia Villa; Maria Teresa Demitri; Silvano Sacco; Jean D. Sipe; Laura A. Lagunowich; Nikos Panayotatos; Pietro Ghezzi","Molecular Medicine"
"https://openalex.org/W2026121960","https://doi.org/10.1074/jbc.274.37.26337","Nitric Oxide Modulates β2-Adrenergic Receptor Palmitoylation and Signaling","1999","Lynda Adam; Michel Bouvier; Teresa L.Z. Jones","Journal of Biological Chemistry"
"https://openalex.org/W2036211658","https://doi.org/10.1074/jbc.271.45.28071","Silencing of the Constitutive Activity of the Dopamine D1B Receptor","1996","Stéphane Charpentier; Keith R. Jarvie; Diana M. Severynse; Marc G. Caron; Mario Tiberi","Journal of Biological Chemistry"
"https://openalex.org/W3185191590","https://doi.org/10.1007/s10531-021-02232-5","The impacts of biofuel crops on local biodiversity: a global synthesis","2021","Sophie Jane Tudge; Andy Purvis; Adriana De Palma","Biodiversity and Conservation"
"https://openalex.org/W2091014133","https://doi.org/10.1111/j.1476-5381.1994.tb13148.x","The effects of SB 204070, a highly potent and selective 5‐HT4receptor antagonist, on guinea‐pig distal colon","1994","Kay A. Wardle; E.S. Ellis; Gordon S. Baxter; G.A. Kennett; Laramie M. Gaster; Gareth J. Sanger","British Journal of Pharmacology"
"https://openalex.org/W2008161885","https://doi.org/10.1111/j.1476-5381.1992.tb09036.x","Characterization of histamine‐H3 receptors controlling non‐adrenergic non‐cholinergic contractions of the guinea‐pig isolated ileum","1992","S. Taylor; Gavin J. Kilpatrick","British Journal of Pharmacology"
"https://openalex.org/W2073839993","https://doi.org/10.1186/1471-2202-11-31","Neuroprotective effects of bis(7)-tacrine against glutamate-induced retinal ganglion cells damage","2010","Jia Fang; Xing Hua Wang; Zhi Rong Xu; Fa Gang Jiang","BMC Neuroscience"
"https://openalex.org/W2343894649","https://doi.org/10.1042/bj2920209","Stimulation of platelet-activating factor synthesis by progesterone and A23187 in human spermatozoa","1993","Elisabetta Baldi; COSTANZA FALSETTI; Csilla Krausz; G Gervasi; Vinicio Carloni; ROSARIA CASANO; Gianni Forti","Biochemical Journal"
"https://openalex.org/W2071299556","https://doi.org/10.1210/en.2002-220384","Estrogens, But Not Androgens, Regulate Expression and Functional Activity of Oxytocin Receptor in Rabbit Epididymis","2002","Sandra Filippi; Michaela Luconi; Simone Granchi; Linda Vignozzi; Saverio Bettuzzi; Paola Tozzi; Fabrizio Ledda; Gianni Forti; Mario Maggi","Endocrinology"
"https://openalex.org/W2015179997","https://doi.org/10.1074/jbc.271.25.14698","A Segment of Five Amino Acids in the Second Extracellular Loop of the Cholecystokinin-B Receptor Is Essential for Selectivity of the Peptide Agonist Gastrin","1996","Sandrine Silvente‐Poirot; Stephen A. Wank","Journal of Biological Chemistry"
"https://openalex.org/W28889282","https://doi.org/10.24095/hpcdp.32.2.05","Correlates of age at diagnosis of autism spectrum disorders in six Canadian regions","2012","Helen Coo; Hélène Ouellette‐Kuntz; Miu Lam; C. T. Yu; Deborah Dewey; François P. Bernier; Albert E. Chudley; P.E. Hennessey; M. Breitenbach; Andrea Noonan; M. E. Suzanne Lewis; Jeanette J. A. Holden","Chronic diseases and injuries in Canada"
"https://openalex.org/W2101920086","https://doi.org/10.1093/ps/83.6.895","Exogenous Estrogen Boosts Circulating Estradiol Concentrations and Calcium Uptake by Duodenal Tissue in Heat-Stressed Hens","2004","Kevin Hansen; Mary M. Beck; S.E. Scheideler; Erin E. Blankenship","Poultry Science"
"https://openalex.org/W1994441999","https://doi.org/10.1016/s0008-6363(99)00036-x","Dihydropyridine and beta adrenergic receptor binding in dogs with tachycardia-induced atrial fibrillation","1999","Rania Gaspo","Cardiovascular Research"
"https://openalex.org/W2146951461","https://doi.org/10.1093/toxsci/kfj100","Hypersensitivity of Prediabetic JCR:LA-cp Rats to Fine Airborne Combustion Particle-Induced Direct and Noradrenergic-Mediated Vascular Contraction","2006","Spencer D. Proctor; Kevin L. Dreher; Sandra Kelly; James C. Russell","Toxicological Sciences"
"https://openalex.org/W2006288748","https://doi.org/10.1086/430138","XMM‐NewtonDetection of Pulsations and a Spectral Feature in the X‐Ray Emission of the Isolated Neutron Star 1RXS J214303.7+065419/RBS 1774","2005","S. Zane; M. Cropper; R. Turolla; L. Zampieri; M. Chieregato; J. J. Drake; A. Treves","The Astrophysical Journal"
"https://openalex.org/W2121504378","https://doi.org/10.1523/jneurosci.15-04-03162.1995","Ethanol inhibits kainate responses of glutamate receptors expressed in Xenopus oocytes: role of calcium and protein kinase C","1995","J. E. Dildy‐Mayfield; R. Adron Harris","Journal of Neuroscience"
"https://openalex.org/W1976860521","https://doi.org/10.1203/00006450-199101000-00019","Neonatal Adaptation: Cardiac Adrenergic Effector Mechanisms after Birth in Newborn Sheep","1991","David Habib; James F. Padbury; Alma M Martinez; Barbara Chappell; Siang Thio; Elizabeth E Burnell","Pediatric Research"
"https://openalex.org/W2126558857","https://doi.org/10.1248/cpb.54.611","Synthesis and Evaluation as NOP Ligands of Some Spiro[piperidine-4,2'(1'H)-quinazolin]-4'(3'H)-ones and Spiro[piperidine-4,5'(6'H)-[1,2,4]triazolo[1,5-c]quinazolines]","2006","Carlo Mustazza; Anna Borioni; Isabella Sestili; Maria Sbraccia; Andrea Rodomonte; Rosella Ferretti; Maria Rosaria Del Giudice","Chemical and Pharmaceutical Bulletin"
"https://openalex.org/W2028641024","https://doi.org/10.1038/sj.bjp.0702633","Studies on the role of serotonin receptor subtypes in the effect of sibutramine in various feeding paradigms in rats","1999","Giuliano Grignaschi; Elena Fanelli; I Scagnol; R. Samanin","British Journal of Pharmacology"
"https://openalex.org/W2076301941","https://doi.org/10.1203/00006450-198706000-00009","Small and Large Intestinal Guanylate Cyclase Activity in Children: Effect of Age and Stimulation by Escherichia coli Heat-Stable Enterotoxin","1987","Alfredo Guarino; Mitchell B. Cohen; Ralph A. Giannella","Pediatric Research"
"https://openalex.org/W1987827326","https://doi.org/10.1016/0016-5085(90)90020-2","Increased epidermal growth factor receptors in gastric carcinomas","1990","Andreas Pfeiffer; Elisabeth Rothbauer; B. Wiebecke; Ekkehard Pratschke; H.-J. Krämling; Klaus Mann","Gastroenterology"
"https://openalex.org/W2249771638","https://doi.org/10.1042/bj2730791","Accumulation and metabolism of Ins(1,4,5)P3 and Ins(1,3,4,5)P4 in muscarinic-receptor-stimulated SH-SY5Y neuroblastoma cells","1991","David G. Lambert; R. A. John Challiss; Stefan R. Nahorski","Biochemical Journal"
"https://openalex.org/W2080102822","https://doi.org/10.1111/j.1476-5381.1994.tb17138.x","The role of myoendothelial cell contact in non‐nitric oxide‐, non‐prostanoid‐mediated endothelium‐dependent relaxation of porcine coronary artery","1994","Elisabeth Kühberger; Klaus Groschner; Walter R. Kukovetz; Friedrich Brunner","British Journal of Pharmacology"
"https://openalex.org/W2058937202","https://doi.org/10.1530/jrf.0.1010345","Antagonists for the human oxytocin receptor: an in vitro study","1994","Mario Maggi; Guido Fantoni; Elisabetta Baldi; A. Cioni; Silvia Rossi; G. B. Vannelli; Per Melin; Mats Åkerlund; M. Serio","Reproduction"
"https://openalex.org/W1998240262","https://doi.org/10.1038/sj.bjp.0703439","Inhibition by ethanol of rat P2X4 receptors expressed in Xenopus oocytes","2000","Keming Xiong; Zesong Li; Forrest F. Weight","British Journal of Pharmacology"
"https://openalex.org/W1606819541","https://doi.org/10.1111/j.1468-3083.2012.04697.x","17β‐estradiol protects human skin fibroblasts and keratinocytes against oxidative damage","2012","Giulia Bottai; Rosa Mancina; Monica Muratori; Paola Di Gennaro; Torello Lotti","Journal of the European Academy of Dermatology and Venereology"
"https://openalex.org/W2027093794","https://doi.org/10.1006/gcen.1997.6919","The Thyroid Hormone, 3,5,3′-Triiodothyronine, Is a Negative Modulator of Domestic Fowl (Gallus gallus domesticus) Adrenal Steroidogenic Function","1997","Rocco V. Carsia; Ellen T. Lamm; James A. Marsh; Colin G. Scanes; David B. King","General and Comparative Endocrinology"
"https://openalex.org/W1535366372","https://doi.org/10.1523/jneurosci.15-06-04382.1995","Neuroblast long-term cell cultures from human fetal olfactory epithelium respond to odors","1995","G. B. Vannelli; Fabrizio Ensoli; Roberto Zonefrati; Yuka Kubota; Annarosa Arcangeli; Andrea Becchetti; Giovanni G. Camici; Tullio Barni; CJ Thiele; GC Balboni","Journal of Neuroscience"
"https://openalex.org/W1966817183","https://doi.org/10.1111/j.1476-5381.1995.tb13228.x","Presence of vasoconstrictor 5HT1‐like receptors revealed by precontraction of rabbit isolated mesenteric artery","1995","Agnès Choppin; Stephen E. O'Connor","British Journal of Pharmacology"
"https://openalex.org/W2012525268","https://doi.org/10.1111/j.1476-5381.1996.tb15535.x","Induction of prostaglandin endoperoxide synthase‐2 in human monocytes associated with cyclo‐oxygenase‐dependent F2‐isoprostane formation","1996","Paola Patrignani; Giovanna Santini; Maria R. Panara; Maria G. Sciulli; Anita Greco; Maria T. Rotondo; Maria di Giamberardino; Jacques Maclouf; Giovanni Ciabattoni; Carlo Patrono","British Journal of Pharmacology"
"https://openalex.org/W2129498197","https://doi.org/10.1677/joe.0.1610255","Identification of serum GH-binding proteins in the goldfish (Carassius auratus) and comparison with mammalian GH-binding proteins","1999","Y Zhang; T A Marchant","Journal of Endocrinology"
"https://openalex.org/W2054869216","https://doi.org/10.1038/sj.bjp.0701330","Profile of SB‐204269, a mechanistically novel anticonvulsant drug, in rat models of focal and generalized epileptic seizures","1997","Neil Upton; T.P. Blackburn; Colin A. Campbell; Duncan Cooper; Martyn L. Evans; Hugh J. Herdon; Penny D. King; Alison M. Ray; Tania O. Stean; Wai N. Chan; John Evans; Mervyn Thompson","British Journal of Pharmacology"
"https://openalex.org/W2578227548","https://doi.org/10.3847/1538-4357/836/1/119","Self-consistent Black Hole Accretion Spectral Models and the Forgotten Role of Coronal Comptonization of Reflection Emission","2017","James F. Steiner; Javier A. García; W. Eikmann; Jeffrey E. McClintock; Laura Brenneman; Thomas Dauser; A. C. Fabian","The Astrophysical Journal"
"https://openalex.org/W2072203184","https://doi.org/10.1161/01.res.62.1.173","Characterization of beta 1- and beta 2-adrenoceptor subtypes in the rat atrioventricular node by quantitative autoradiography.","1988","Kazuto Saito; Masaki Kurihara; Ricardo A. Cruciani; William Z. Potter; Juan M. Saavedra","Circulation Research"
"https://openalex.org/W4206668759","https://doi.org/10.1109/access.2021.3132617","A Novel Hybrid Hunger Games Search Algorithm With Differential Evolution for Improving the Behaviors of Non-Cooperative Animals","2021","Shaolang Li; Xiaobo Li; Hui Chen; Yuxin Zhao; Junwei Dong","IEEE Access"
"https://openalex.org/W2118577390","https://doi.org/10.3390/md8020347","Marine Natural Meroterpenes: Synthesis and Antiproliferative Activity","2010","Annabel Simon-Levert; Christophe Menniti; Laurent Soulère; Anne‐Marie Genevière; Chantal Barthomeuf; Bernard Banaigs; Anne Witczak","Marine Drugs"
"https://openalex.org/W4379233027","https://doi.org/10.48084/etasr.5502","Application of a TID Controller for the LFC of a Multi Area System using HGS Algorithm","2023","Sambugari Anil Kumar; M. Siva Sathya Narayana; K. Jithendra Gowd","Engineering Technology & Applied Science Research"
"https://openalex.org/W2092717791","https://doi.org/10.1111/j.1476-5381.1991.tb12272.x","The pharmacology of fluparoxan: a selective α2‐adrenoceptor antagonist","1991","C.A. Halliday; Brian Jones; M. Skingle; Delia M. Walsh; Helen Wise; M.B. Tyers","British Journal of Pharmacology"
"https://openalex.org/W2023924220","https://doi.org/10.1074/jbc.272.43.26879","Cyclic AMP-mediated Inhibition of Angiotensin II-induced Protein Synthesis Is Associated with Suppression of Tyrosine Phosphorylation Signaling in Vascular Smooth Muscle Cells","1997","Edith Giasson; Marc J. Servant; Sylvain Meloche","Journal of Biological Chemistry"
"https://openalex.org/W2216662221","https://doi.org/10.1007/s12325-015-0254-9","Hypertonic Saline in Conjunction with High-Dose Furosemide Improves Dose–Response Curves in Worsening Refractory Congestive Heart Failure","2015","Salvatore Paterna; Francesca Di Gaudio; Vincenzo La Rocca; Fabio Balistreri; Massimiliano Greco; Daniele Torres; Umberto Lupo; Giuseppina Rizzo; Pietro Di Pasquale; Sergio Indelicato; Francesco Cuttitta; Javed Butler; Gaspare Parrinello","Advances in Therapy"
"https://openalex.org/W1986730217","https://doi.org/10.1111/j.1476-5381.1990.tb12978.x","The effects of siguazodan, a selective phosphodiesterase inhibitor, on human platelet function","1990","Kenneth Murray; P. England; Trevor J. Hallam; J.P. Maguire; Kitty Moores; Martin L. Reeves; Alec W.M. Simpson; T J Rink","British Journal of Pharmacology"
"https://openalex.org/W1986510678","https://doi.org/10.1074/jbc.272.12.7646","A Mutation Changes Ligand Selectivity and Transmembrane Signaling Preference of the Neurokinin-1 Receptor","1997","Daniela Riitano; Thomas Werge; Tommaso Costa","Journal of Biological Chemistry"
"https://openalex.org/W1998704549","https://doi.org/10.1111/j.2042-7158.1996.tb03914.x","Reversible Inhibition of Cholinesterases by Opioids: Possible Pharmacological Consequences","1996","Alessandro Galli; Esterina Ranaudo; Laura Giannini; Chiara Costagli","Journal of Pharmacy and Pharmacology"
"https://openalex.org/W1993802939","https://doi.org/10.1111/j.1476-5381.1995.tb15084.x","The in vivo pharmacological profile of a 5‐HT1 receptor agonist, CP‐122, 288, a selective inhibitor of neurogenic inflammation","1995","Paul Gupta; David Brown; Paul Butler; Peter Ellis; Kristine L. Grayson; G.C. Land; John E. Macor; Susan Robson; Martin Wythes; N B Shepperson","British Journal of Pharmacology"
"https://openalex.org/W2075196569","https://doi.org/10.1074/jbc.m303584200","Modulation of 5-HT3 Receptor-mediated Response and Trafficking by Activation of Protein Kinase C","2003","Hui Sun; Xian-Qun Hu; Edgar M. Moradel; Forrest F. Weight; Li Zhang","Journal of Biological Chemistry"
"https://openalex.org/W2139438378","https://doi.org/10.1677/joe.1.05885","Identification, localization and functional in vitro and in vivo activity of oxytocin receptor in the rat penis","2005","XIN HUA ZHANG; Sandra Filippi; Linda Vignozzi; Annamaria Morelli; Rosa Mancina; Michaela Luconi; Silvia Donati; Mirca Marini; G. B. Vannelli; Gianni Forti; Mario Maggi","Journal of Endocrinology"
"https://openalex.org/W2020489597","https://doi.org/10.1111/j.1476-5381.1995.tb13267.x","Mediation of noradrenaline‐induced contractions of rat aorta by the (α1B‐adrenoceptor subtype","1995","R. Testa; L. Guarneri; Elena Poggesi; Iris Simonazzi; Carlo Taddei; Amedeo Leonardi","British Journal of Pharmacology"
"https://openalex.org/W241481880","https://doi.org/10.1042/bj3010407","Regulation of endothelin-1- and lysophosphatidic acid-stimulated tyrosine phosphorylation of focal adhesion kinase (pp125fak) in Rat-1 fibroblasts","1994","Mark K. Saville; Anne Graham; Kevin Malarkey; Andrew D. Paterson; Gwyn W. Gould; Robin Plevin","Biochemical Journal"
"https://openalex.org/W1501382996","https://doi.org/10.18632/oncotarget.3240","Preclinical antitumor activity of ST7612AA1: a new oral thiol-based histone deacetylase (HDAC) inhibitor","2014","Loredana Vesci; Elena Bernasconi; Ferdinando Maria Milazzo; Rita De Santis; Eugenio Gaudio; Ivo Kwee; Andrea Rinaldi; Silvia Pace; Valeria Carollo; Giuseppe Giannini; Francesco Bertoni","Oncotarget"
"https://openalex.org/W2122856478","https://doi.org/10.1111/j.1476-5381.1993.tb12870.x","2‐Naphthalenesulphonyl l ‐aspartyl‐(2‐phenethyl)amide (2‐NAP)‐a selective cholecystokinin CCKA‐receptor antagonist","1993","Robert A. D. Hull; Nigel P. Shankley; Elaine A. Harper; V.P. Gerskowitch; J.W. Black","British Journal of Pharmacology"
"https://openalex.org/W1971366053","https://doi.org/10.1016/s0008-6363(00)00065-1","β2-Adrenergic receptor overexpression driven by α-MHC promoter is downregulated in hypertrophied and failing myocardium","2000","D. Sheridan","Cardiovascular Research"
"https://openalex.org/W1970988111","https://doi.org/10.1038/sj.bjp.0701949","Inhibition of excitatory amino acid‐activated currents by trichloroethanol and trifluoroethanol in mouse hippocampal neurones","1998","Robert W. Peoples; Forrest F. Weight","British Journal of Pharmacology"
"https://openalex.org/W1560352848","https://doi.org/10.1523/jneurosci.09-11-04051.1989","Interaction of phencyclidine with voltage-dependent potassium channels in cultured rat hippocampal neurons: comparison with block of the NMDA receptor-ionophore complex","1989","J. M. H. ffrench-Mullen; Michael A. Rogawski","Journal of Neuroscience"
"https://openalex.org/W2074684694","https://doi.org/10.1111/j.1476-5381.1991.tb12162.x","Octimibate, a potent non‐prostanoid inhibitor of platelet aggregation, acts via the prostacyclin receptor","1991","Janet E. Merritt; Trevor J. Hallam; Anthony Brown; Isobel Boyfield; David G. Cooper; Deirdre M. B. Hickey; Albert Jaxa‐Chamiec; Alberto J. Kaumann; Mary Keen; Eamonn Kelly; Ursula Kozlowski; James A. Lynham; Kitty Moores; Kenneth Murray; John MacDermot; T J Rink","British Journal of Pharmacology"
"https://openalex.org/W2083438878","https://doi.org/10.1038/sj.bjp.0701956","Selective inhibition of M‐type potassium channels in rat sympathetic neurons by uridine nucleotide preferring receptors","1998","Stefan Boehm","British Journal of Pharmacology"
"https://openalex.org/W2399343855","https://doi.org/10.1042/bj2800111","Analysis of mutations in the putative nuclear localization sequence of interleukin-1β","1991","S Grenfell; Nick Smithers; S Witham; Alan Shaw; Pierre Graber; Roberto Solari","Biochemical Journal"
"https://openalex.org/W2142329585","https://doi.org/10.1038/sj.bjp.0701636","Pharmacological characterization of the cysteinyl‐leukotriene antagonists CGP 45715A (iralukast) and CGP 57698 in human airways in vitro","1998","Valérie Capra; Manlio Bolla; Pier Angelo Belloni; Maurizio Mezzetti; Giancarlo Folco; S. Nicosia; G. Enrico Rovati","British Journal of Pharmacology"
"https://openalex.org/W2020291327","https://doi.org/10.1038/sj.bjp.0701842","Inhibition of NMDA‐gated ion channels by the P2 purinoceptor antagonists suramin and reactive blue 2 in mouse hippocampal neurones","1998","Robert W. Peoples; Zesong Li","British Journal of Pharmacology"
"https://openalex.org/W2030173172","https://doi.org/10.1210/jcem.85.4.6565","Expression and Biological Effects of Endothelin-1 in Human Gonadotropin-Releasing Hormone-Secreting Neurons1","2000","Mario Maggi; Tullio Barni; Guido Fantoni; Rosa Mancina; Cinzia Pupilli; Michaela Luconi; Clara Crescioli; Mario Serio; Gabriella Barbara Vannelli","The Journal of Clinical Endocrinology & Metabolism"
"https://openalex.org/W4402451830","https://doi.org/10.1002/ece3.70281","Evaluation of forest ecosystem resilience to drought considering lagged effects of drought","2024","Qingfeng Xu; Ruyue Yu; Lili Guo","Ecology and Evolution"
"https://openalex.org/W4324308700","https://doi.org/10.1681/asn.0000000000000118","Life Years Lost in Children with Kidney Failure: A Binational Cohort Study with Multistate Probabilities of Death and Life Expectancy","2023","Melanie Wyld; Nicole De La Mata; James Hedley; Siah Kim; Patrick J. Kelly; Angela C Webster","Journal of the American Society of Nephrology"
"https://openalex.org/W2005121274","https://doi.org/10.1111/j.1476-5381.1996.tb15749.x","Possiblein vivo5‐HT reuptake blocking properties of 8‐OH‐DPAT assessed by measuring hippocampal extracellular 5‐HT using microdialysis in rats","1996","Marie‐Bernadette Assié; Wouter Koek","British Journal of Pharmacology"
"https://openalex.org/W2183101906","https://doi.org/10.1016/s0026-895x(24)23228-4","A Kinetic Binding Study to Evaluate the Pharmacological Profile of a Specific Leukotriene C4 Binding Site Not Coupled to Contraction in Human Lung Parenchyma","2000","Saula Ravasi; Valérie Capra; Maurizio Mezzetti; S. Nicosia; G. Enrico Rovati","Molecular Pharmacology"
"https://openalex.org/W2125926292","https://doi.org/10.1530/joe-12-0333","Testosterone treatment improves metabolic syndrome-induced adipose tissue derangements","2012","Elena Maneschi; Annamaria Morelli; Sandra Filippi; Ilaria Cellai; Paolo Comeglio; Benedetta Mazzanti; Tommaso Mello; Alessandra Calcagno; Erica Sarchielli; Linda Vignozzi; Farid Saad; Roberto Vettor; Gabriella Barbara Vannelli; Mario Maggi","Journal of Endocrinology"
"https://openalex.org/W2136417909","https://doi.org/10.1111/j.1471-4159.2006.04043.x","Proinsulin/insulin is synthesized locally and prevents caspase‐ and cathepsin‐mediated cell death in the embryonic mouse retina","2006","Ana I. Valenciano; Silvia Corrochano; Flora de Pablo; Pedro De La Villa; Enrique J. de la Rosa","Journal of Neurochemistry"
"https://openalex.org/W1964031071","https://doi.org/10.1351/pac200173091499","Opioid and sigma receptor studies. New developments in the design of selective sigma ligands","2001","Giuseppe Ronsisvalle; Agostino Marrazzo; Orazio Prezzavento; Alfredo Cagnotto; Tiziana Mennini; Carmela Parenti; Giovanna M. Scoto","Pure and Applied Chemistry"
"https://openalex.org/W1979290680","https://doi.org/10.1111/j.1476-5381.1996.tb15487.x","The involvement of the release of nitric oxide in the pharmacological activity of the new furoxan derivative CHF 2363","1996","Maurizio Civelli; Massimo Giossi; Paola Caruso; Roberta Razzetti; M. A. C. M. Bergamaschi; S Bongrani; Alberto Gasco","British Journal of Pharmacology"
"https://openalex.org/W4311151976","https://doi.org/10.3390/rs14246222","Road Damage Detection Using the Hunger Games Search with Elman Neural Network on High-Resolution Remote Sensing Images","2022","Mesfer Al Duhayyim; Areej Malibari; Abdullah Alharbi; Kallekh Afef; Ayman Yafoz; Raed Alsini; Omar Alghushairy; Heba Mohsen","Remote Sensing"
"https://openalex.org/W2159523284",NA,"Platelet-activating factor mediates an autocrine proliferative loop in the endometrial adenocarcinoma cell line HEC-1A.","1994","Mario Maggi; Lorella Bonaccorsi; Giovanna Finetti; Vinicio Carloni; Monica Muratori; Giacomo Laffi; Gianni Forti; Mario Serio; Elisabetta Baldi","PubMed"
"https://openalex.org/W1979627905","https://doi.org/10.1038/sj.bjp.0703755","Characterization of [3H]‐CGP54626A binding to heterodimeric GABAB receptors stably expressed in mammalian cells","2000","Andrew Green; Steven B. Walls; Alan Wise; Richard H. Green; Amanda K. Martin; Fiona H. Marshall","British Journal of Pharmacology"
"https://openalex.org/W2217145398",NA,"Apoyo para nutricionistas y centros de cuidado físicos de la ciudad de Guayaquil a través del diseño e implementación de una aplicación móvil sobre el control nutricional.","2014","Luna Serrano; Jennifer Michelle",NA
"https://openalex.org/W2149202126","https://doi.org/10.1074/jbc.m212862200","Natriuretic Peptide Receptor A Activation Stabilizes a Membrane-distal Dimer Interface","2003","André De Léan; Normand McNicoll; Jean Labrecque","Journal of Biological Chemistry"
"https://openalex.org/W2791336582","https://doi.org/10.1155/2018/9270802","Recent Research Trends in Genetic Algorithm Based Flexible Job Shop Scheduling Problems","2018","Muhammad Kamal Amjad; Shahid Ikramullah Butt; Rubeena Kousar; Riaz Ahmad; Mujtaba Hassan Agha; Faping Zhang; Naveed Anjum; Umer Asgher","Mathematical Problems in Engineering"
"https://openalex.org/W2089403797","https://doi.org/10.1111/j.1476-5381.1990.tb14652.x","Effects of selective phosphodiesterase inhibition on cyclic AMP hydrolysis in rat cerebral cortical slices","1990","R. A. John Challiss; C. D. Nicholson","British Journal of Pharmacology"
"https://openalex.org/W1993063007","https://doi.org/10.1007/s00432-006-0086-8","The vitamin D analogue BXL-628 inhibits growth factor-stimulated proliferation and invasion of DU145 prostate cancer cells","2006","Sara Marchiani; Lorella Bonaccorsi; Pietro Ferruzzi; Clara Crescioli; Monica Muratori; Luciano Adorini; Gianni Forti; Mario Maggi; Elisabetta Baldi","Journal of Cancer Research and Clinical Oncology"
"https://openalex.org/W2078675943","https://doi.org/10.1111/j.1476-5381.1989.tb12681.x","Muscarinic receptors coupled to phosphoinositide hydrolysis and elevated cytosolic calcium in a human neuroblastoma cell line SK‐N‐SH","1989","John G. Baird; David G. Lambert; J. B. McBain; Stefan R. Nahorski","British Journal of Pharmacology"
"https://openalex.org/W2075017111","https://doi.org/10.1530/joe-13-0109","FXR activation normalizes insulin sensitivity in visceral preadipocytes of a rabbit model of MetS","2013","Elena Maneschi; Linda Vignozzi; Annamaria Morelli; Tommaso Mello; Sandra Filippi; Ilaria Cellai; Paolo Comeglio; Erica Sarchielli; Alessandra Calcagno; Benedetta Mazzanti; Roberto Vettor; Gabriella Barbara Vannelli; Luciano Adorini; Mario Maggi","Journal of Endocrinology"
"https://openalex.org/W1982062563","https://doi.org/10.1021/jm0493461","Further Studies on the Interaction of the 5-Hydroxytryptamine3(5-HT3) Receptor with Arylpiperazine Ligands. Development of a New 5-HT3Receptor Ligand Showing Potent Acetylcholinesterase Inhibitory Properties","2005","Andrea Cappelli; Andrea Gallelli; Monica Manini; Maurizio Anzini; Laura Mennuni; Francesco Makovec; Maria Cristina Menziani; Stefano Alcaro; Francesco Ortuso; Salvatore Vomero","Journal of Medicinal Chemistry"
"https://openalex.org/W2047560489","https://doi.org/10.1095/biolreprod43.6.1006","Photoaffinity Labeling of Pituitary Gonadotropin-Releasing Hormone Receptors in Goldfish (Carassius Auratus)1","1990","Hamid R. Habibi; Richard Peter; Eli Hazum","Biology of Reproduction"
"https://openalex.org/W2018895570","https://doi.org/10.1172/jci116050","Pharmacological tolerance to alpha 1-adrenergic receptor antagonism mediated by terazosin in humans.","1992","John Vincent; W Dachman; Terrence F. Blaschke; B B Hoffman","Journal of Clinical Investigation"
"https://openalex.org/W2419529006","https://doi.org/10.1042/bj3330637","Loop III region of platelet-derived growth factor (PDGF) B-chain mediates binding to PDGF receptors and heparin","1998","Donna SCHILLING; James D. Reid; Andrea M. Hujer; Dewey Morgan; Edward DeMoll; Paul M. Bummer; Robert A. Fenstermaker; David M. Kaetzel","Biochemical Journal"
"https://openalex.org/W4200604148","https://doi.org/10.29130/dubited.1016209","Improved Slime-Mould-Algorithm with Fitness Distance Balance-based Guiding Mechanism for Global Optimization Problems","2021","Çağrı SUİÇMEZ; Hamdi Tolga Kahraman; Cemal Yılmaz; Mehmet Fatih Işık; Enes Cengiz","Düzce Üniversitesi Bilim ve Teknoloji Dergisi"
"https://openalex.org/W1879163117","https://doi.org/10.1042/bj2430829","Preparation and characterization of bovine growth hormones produced in recombinant Escherichia coli","1987","Paul T. Wingfield; Pierre Graber; Gary Buell; Keith Rose; M G Simona; B. Daniel Burleigh","Biochemical Journal"
"https://openalex.org/W4319262353","https://doi.org/10.1111/cogs.13238","Scalar Implicature is Sensitive to Contextual Alternatives","2023","Zheng Zhang; Leon Bergen; Alexander Paunov; Rachel Ryskin; Edward Gibson","Cognitive Science"
"https://openalex.org/W2152189810","https://doi.org/10.1677/jme.0.0260185","Expression and role of functional glucocorticoid receptors in the human androgen-independent prostate cancer cell line, DU145","2001","D. Dondi; Roberto Maggi; Eugenia Scaccianoce; L. Martini; M. Motta; Angelo Poletti","Journal of Molecular Endocrinology"
"https://openalex.org/W2123102042","https://doi.org/10.1095/biolreprod49.6.1293","Expression and Regulation of Cytochrome P450 17α-Hydroxylase Messenger Ribonucleic Acid Levels and Androstenedione Production in Hen Granulosa Cells1","1993","Z. Li; A. L. Johnson","Biology of Reproduction"
"https://openalex.org/W1972424040","https://doi.org/10.1038/sj.bjp.0705037","Attenuation of the P2Y receptor‐mediated control of neuronal Ca2+ channels in PC12 cells by antithrombotic drugs","2003","Helmut Kubista; Stefan G. Lechner; Angelika M Wolf; Stefan Boehm","British Journal of Pharmacology"
"https://openalex.org/W2012007089","https://doi.org/10.1111/j.1476-5381.1994.tb17029.x","Characterization of prostanoid receptors on rat neutrophils","1994","Helen Wise; Robert L. Jones","British Journal of Pharmacology"
"https://openalex.org/W1993820394","https://doi.org/10.1111/j.1476-5381.1990.tb15802.x","δ‐Opioid receptor binding sites in rodent spinal cord","1990","John R. Traynor; John C. Hunter; Raquel E. Rodrı́guez; R.G. Hill; Joel W. Hughes","British Journal of Pharmacology"
"https://openalex.org/W1967692958","https://doi.org/10.1111/j.1476-5381.1992.tb14488.x","Elevation of cytosolic calcium by cholinoceptor agonists in SH‐SY5Y human neuroblastoma cells: estimation of the contribution of voltage‐dependent currents","1992","Ian D. Forsythe; David G. Lambert; Stefan R. Nahorski; Paul Linsdell","British Journal of Pharmacology"
"https://openalex.org/W2038964570","https://doi.org/10.1038/sj.bjp.0706654","Pharmacological characterization of muscarinic receptor subtypes mediating vasoconstriction of human umbilical vein","2006","Virginia Pujol Lereis; Francisco J. Hita; Mauro Gobbi; Marcela Gomez Verdi; María Cecilia Rodríguez; Rodolfo Pedro Rothlin","British Journal of Pharmacology"
"https://openalex.org/W4386714874","https://doi.org/10.3390/fire6090357","Prediction Model of Borehole Spontaneous Combustion Based on Machine Learning and Its Application","2023","Yun Qi; Kailong Xue; Wei Wang; Xinchao Cui; Ran Liang","Fire"
"https://openalex.org/W2057989750","https://doi.org/10.1074/jbc.272.35.21831","Feedback Regulation of ATP-induced Ca2+ Signaling in HL-60 Cells Is Mediated by Protein Kinase A- and C-mediated Changes in Capacitative Ca2+ Entry","1997","Hyosang Lee; Byung‐Chang Suh; Kyong‐Tai Kim","Journal of Biological Chemistry"
"https://openalex.org/W1993604020","https://doi.org/10.1038/sj.bjp.0705547","Hyper‐reactivity of cerebral arteries from ovariectomized rats: therapeutic benefit of tamoxifen","2003","Éric Thorin; My-Lan Pham-Dang; Robert Clément; Isabelle Le Mercier; Angelino Calderone","British Journal of Pharmacology"
"https://openalex.org/W2792142697","https://doi.org/10.1139/as-2017-0052","Can traditional methods of selecting food accurately assess fish health?","2018","Peter A. Cott; Amy Amos; Matthew M. Guzzo; Louise Chavarie; Cameron P. Goater; Derek C. G. Muir; Marlene S. Evans","Arctic Science"
"https://openalex.org/W2131789926","https://doi.org/10.1095/biolreprod58.2.458","Hormone-Specific Inhibitory Influence of α-Subunit Asn56 Oligosaccharide on In Vitro Subunit Association and Follicle-Stimulating Hormone Receptor Binding of Equine Gonadotropins1","1998","Viktor Y. Butney; Russell Gotschall; Vladimir Y. Butnev; Vanda L. Baker; William T. Moore; George R. Bousfield","Biology of Reproduction"
"https://openalex.org/W2077832428","https://doi.org/10.1038/sj.bjp.0704112","Straight‐chain alcohols exhibit a cutoff in potency for the inhibition of recombinant glutamate receptor subunits","2001","B. Emmanuel Akinshola","British Journal of Pharmacology"
"https://openalex.org/W4323341883","https://doi.org/10.14569/ijacsa.2023.0140267","Compiler Optimization Prediction with New Self-Improved Optimization Model","2023","Chaitali Shewale; Sagar Shinde; Yogesh Gurav; Rupesh J. Partil; Sandeep Kadam","International Journal of Advanced Computer Science and Applications"
"https://openalex.org/W2111903721","https://doi.org/10.1007/s00424-009-0653-3","Mechanical and kinetic effects of shortened tropomyosin reconstituted into myofibrils","2009","Verl Siththanandan; Larry S. Tobacman; N. Van Gorder; Earl Homsher","Pflügers Archiv - European Journal of Physiology"
"https://openalex.org/W4233897683","https://doi.org/10.1210/en.137.10.4161","Effects of corticotropin-releasing hormone on ovarian estrogen production in vitro","1996","Aldo E. Calogero","Endocrinology"
"https://openalex.org/W2128498728","https://doi.org/10.1210/mend-1-9-621","Significant Steroidogenic Activity of Luteinizing Hormone is Maintained after Enzymatic Removal of Oligosaccharides","1987","Lawrence A. Cole; Laura A. Metsch; H. E. Grotjan","Molecular Endocrinology"
"https://openalex.org/W4251378604","https://doi.org/10.1210/en.138.2.566","Comparative Effect of Pituitary Adenylate Cyclase-Activating Polypeptide on Aldosterone Secretion in Normal Bovine and Human Tumorous Adrenal Cells","1997","V. Bodart","Endocrinology"
"https://openalex.org/W1976586963","https://doi.org/10.1111/j.1476-5381.1995.tb13326.x","Rapid, agonist‐induced desensitization of α2‐autoreceptors modulating transmitter release","1995","Stefan Boehm; Sigismund Huck; Karin Schwarz; Ernst Agneter; Helmut Drobny; Erast A. Singer","British Journal of Pharmacology"
"https://openalex.org/W2045420913","https://doi.org/10.1111/j.1476-5381.1991.tb12359.x","Modulation of gastric contractions in response to tachykinins and bethanechol by extrinsic nerves","1991","Ulrike Holzer‐Petsche","British Journal of Pharmacology"
"https://openalex.org/W1985965586","https://doi.org/10.1016/j.bmc.2004.04.043","Synthesis and binding properties of novel selective 5-HT3 receptor ligands","2004","Maria Modica; Giuseppe Romeo; Luisa Materia; Filippo Russo; Alfredo Cagnotto; Tiziana Mennini; Róbert Gáspár; George Falkay; Ferenc Fülöp","Bioorganic & Medicinal Chemistry"
"https://openalex.org/W2015272787","https://doi.org/10.1111/j.1365-2125.2004.02130.x","Endothelial venodilator response in carriers of genetic polymorphisms involved in NO synthesis and degradation","2004","Ruth Fricker; Christiane Hesse; Johanna Weiß; Yorki Tayrouz; Michael M. Hoffmann; Kristina Unnebrink; Ulrich Mansmann; Walter E. Haefeli","British Journal of Clinical Pharmacology"
"https://openalex.org/W1911136793","https://doi.org/10.1042/bj2520521","Means for the assessment of radioligand quality and its importance in receptor-binding studies. Observations with radiolabelled formylmethionyl-leucyl-phenylalanine","1988","John C. Kermode","Biochemical Journal"
"https://openalex.org/W2810077118","https://doi.org/10.1530/joe-17-0557","INT-767 prevents NASH and promotes visceral fat brown adipogenesis and mitochondrial function","2018","Paolo Comeglio; Ilaria Cellai; Tommaso Mello; Sandra Filippi; Elena Maneschi; Francesca Corcetto; C. Corno; Erica Sarchielli; Annamaria Morelli; Elena Rapizzi; Danièle Bani; Daniele Guasti; Gabriella Barbara Vannelli; Andrea Galli; Luciano Adorini; Mario Maggi; Linda Vignozzi","Journal of Endocrinology"
"https://openalex.org/W1968719134","https://doi.org/10.1161/01.res.71.4.970","Depression of cardiac sarcolemmal phospholipase D activity by oxidant-induced thiol modification.","1992","Jian Dai; Johanna T. A. Meij; Rodrigo Maia de Pádua; Vincenzo Panagia","Circulation Research"
"https://openalex.org/W2013557022","https://doi.org/10.1038/sj.bjp.0701332","Characterization of [3H]‐prostaglandin E2 binding to prostaglandin EP4 receptors expressed with Semliki Forest virus","1997","Fiona H. Marshall; Kalpana Patel; Kenneth Lundström; Janet Camacho; Steven M. Foord; Melanie G. Lee","British Journal of Pharmacology"
"https://openalex.org/W3021669275","https://doi.org/10.3847/1538-4357/ab9a3f","Formulating and Critically Examining the Assumptions of Global 21 cm Signal Analyses: How to Avoid the False Troughs That Can Appear in Single-spectrum Fits","2020","Keith Tauscher; David Rapetti; Jack O. Burns","The Astrophysical Journal"
"https://openalex.org/W2073261666","https://doi.org/10.1038/sj.bjp.0701404","Noradrenaline release from rat sympathetic neurones triggered by activation of B2 bradykinin receptors","1997","Stefan Boehm; Sigismund Huck","British Journal of Pharmacology"
"https://openalex.org/W1854129105","https://doi.org/10.1016/s0021-9258(17)31754-4","Identification of an epitope in the substance P receptor important for recognition of the common carboxyl-terminal tachykinin sequence.","1994","Thomas Werge","Journal of Biological Chemistry"
"https://openalex.org/W2159908548","https://doi.org/10.1161/hs1001.096007","Endothelium-Derived Endothelin-1 Reduces Cerebral Artery Sensitivity to Nitric Oxide by a Protein Kinase C–Independent Pathway","2001","Patricia Gilbert; Johanne Tremblay; Éric Thorin","Stroke"
"https://openalex.org/W2163192490","https://doi.org/10.1084/jem.173.2.367","The CD4 molecule is not always required for the T cell response to bacterial enterotoxins.","1991","Rafick‐Pierre Sékaly; G Croteau; Michael Bowman; Paul Scholl; Steven J. Burakoff; Raif S. Geha","The Journal of Experimental Medicine"
"https://openalex.org/W2054926256","https://doi.org/10.1016/j.physletb.2005.11.009","Study of the pionic enhancement in O16(p,p′)O16(0−,T=1) at 295 MeV","2005","T. Wakasa; G.P.A. Berg; H. Fujimura; K. Fujita; K. Hatanaka; M. Ichimura; Mitsuru Itoh; J. Kamiya; T. Kawabata; Y Kitamura; E. Obayashi; H. Sakaguchi; N. Sakamoto; Y. Sakemi; Y. Shimizu; H. Takeda; M. Uchida; Y. Yasuda; H. P. Yoshida; M. Yosoi","Physics Letters B"
"https://openalex.org/W3140854363",NA,"Graded bioassay for demonstration of brain rescue from experimental acute ischemia in rats.","1994","JAronowski; POstrow; ESamways; RStrong; J AZivin; J CGrotta","Stroke"
"https://openalex.org/W1972997783","https://doi.org/10.1111/j.1476-5381.1992.tb09091.x","Comparative effects of BRL 38227, nitrendipine and isoprenaline on carbachol‐ and histamine‐stimulated phosphoinositide metabolism in airway smooth muscle","1992","R. A. John Challiss; Neela Patel; Jonathan R. S. Arch","British Journal of Pharmacology"
"https://openalex.org/W1971938910","https://doi.org/10.1111/j.1476-5381.1988.tb11480.x","Aging and cholinergic responses in bovine trachealis muscle","1988","Marsha Wills; James S. Douglas","British Journal of Pharmacology"
"https://openalex.org/W2149390505","https://doi.org/10.1210/mend-3-11-1765","Disruption ofN-Linked Glycosylation of Bovine Luteinizing Hormone β-Subunit by Site-Directed Mutagenesis Dramatically Increases Its Intracellular Stability But Does Not Affect Biological Activity of the Secreted Heterodimer","1989","David M. Kaetzel; Jeffrey B. Virgint; Colin M. Clay; John H. Nilson","Molecular Endocrinology"
"https://openalex.org/W1669043549","https://doi.org/10.4049/jimmunol.163.6.3449","Role of 5-Lipoxygenase Products in the Local Accumulation of Neutrophils in Dermal Inflammation in the Rabbit","1999","Sylvie Marleau; Bernard Fruteau de Laclos; Ana B. Sanchez; Patrice E. Poubelle; Pierre Borgeat","The Journal of Immunology"
"https://openalex.org/W4307858645","https://doi.org/10.1049/rpg2.12621","Optimal identification of model parameters for PEMFCs using neoteric metaheuristic methods","2022","Ahmed A. Zaki Diab; Ashraf M. Abdelhamid","IET Renewable Power Generation"
"https://openalex.org/W2791317074","https://doi.org/10.1111/cogs.12769","Information Integration in Modulation of Pragmatic Inferences During Online Language Comprehension","2019","Rachel Ryskin; Chigusa Kurumada; Sarah Brown‐Schmidt","Cognitive Science"
"https://openalex.org/W2054010852","https://doi.org/10.1038/sj.bjp.0705937","Loss of endothelial KATP channel‐dependent, NO‐mediated dilation of endocardial resistance coronary arteries in pigs with left ventricular hypertrophy","2004","Marie-Ève Gendron; Éric Thorin; Louis P. Perrault","British Journal of Pharmacology"
"https://openalex.org/W1978467277","https://doi.org/10.1074/jbc.274.45.31882","Delineation of the Structural Basis for the Activation Properties of the Dopamine D1 Receptor Subtypes","1999","Rafal Iwasiow; Marie‐France Nantel; Mario Tiberi","Journal of Biological Chemistry"
"https://openalex.org/W2345621074","https://doi.org/10.1042/bj2230039","Insulin-responsive cultured foetal-rat hepatocytes. Their preparation and characterization","1984","D C DeSante; Linda Little; D E Peavy; Frank Vinicor","Biochemical Journal"
"https://openalex.org/W1981782402","https://doi.org/10.1042/0264-6021:3620231","Allotopic antagonism of the non-peptide atrial natriuretic peptide (ANP) antagonist HS-142-1 on natriuretic peptide receptor NPR-A","2002","Hugo Poirier; Jean Labrecque; Julie DESCHEÊNES; André DeLÉAN","Biochemical Journal"
"https://openalex.org/W2092936713","https://doi.org/10.1111/j.1476-5381.1987.tb09001.x","The role of calcium in the cyclic AMP response to histamine in rabbit cerebral cortical slices","1987","M. Al‐Gadi; Stephen J. Hill","British Journal of Pharmacology"
"https://openalex.org/W1869682871",NA,"Journalism and Digital Technologies","2011","Jane B. Singer","City Research Online (City University London)"
"https://openalex.org/W2061947528","https://doi.org/10.1038/sj.bjp.0705375","Pharmacological characterization of prostanoid receptors mediating vasoconstriction in human umbilical vein","2003","Federico M. Daray; Ana Itatí Minvielle; Soledad Puppo; Rodolfo Pedro Rothlin","British Journal of Pharmacology"
"https://openalex.org/W2155050586","https://doi.org/10.1103/physrevlett.99.122002","Measurement of the η -Meson Mass Using ψ(2S)→ηJ/ψ","2007","D. H. Miller; B. Sanghi; I. P. J. Shipsey; B. Xin; G. S. Adams; Mark Anderson; J. P. Cummings; I. Dankó; Jun Ge; D. Hu; B. Moziak; J. Napolitano; Q. He; J. Insler; H. Muramatsu; C. S. Park; E. H. Thorndike; F. Yang; M. Artuso; S. Blusk; S. Khalil; J. Li; N. Menaa; R. Mountain; S. Nisar; K. Randrianarivony; R. Sia; T. Skwarnicki; S. Stone; J. C. Wang; G. Bonvicini; D. Cinabro; M. Dubrovin; A. Lincoln; D. M. Asner; K. W. Edwards; P. Naik; R. A. Briere; T. Ferguson; G. Tatishvili; H. Vogel; M. E. Watkins; J. L. Rosner; N. E. Adam; J. Alexander; D. G. Cassel; J. E. Duboscq; R. Ehrlich; L. Fields; L. Gibbons; R. Gray; S. W. Gray; D. L. Hartill; B. K. Heltsley; D. Hertz; C. D. Jones; J. Kandaswamy; D. L. Kreinick; В. Е. Кузнецов; H. Mahlke-Krüger; D. Mohapatra; P. U. E. Onyisi; J. R. Patterson; D. Peterson; D. Riley; A. Rýd; A. J. Sadoff; X. Shi; S. Stroiney; W. Sun; T. Wilksen; S. B. Athar; R. Patel; J. Yelton; P. Rubin; B. I. Eisenstein; I. Karliner; N. Lowrey; M. Selen; E. J. White; J. Wiss; R. E. Mitchell; M. R. Shepherd; D. Besson; T. K. Pedlar; D. Cronin-Hennessy; K. Y. Gao; J. Hietala; Y. Kubota; T. Klein; B. W. Lang; R. Poling; A. W. Scott; P. Zweber; S. Dobbs; Z. Metreveli; K. K. Seth; A. Tomaradze; J. Ernst; K. M. Ecklund","Physical Review Letters"
"https://openalex.org/W2140962547","https://doi.org/10.1677/joe.0.1720545","Truncated equine LH beta and asparagine(56)-deglycosylated equine LH alpha combine to produce a potent FSH antagonist","2002","VY Butnev; Vinod Kumar Singh; Nguyen Vt; GR Bousfield","Journal of Endocrinology"
"https://openalex.org/W4241080929","https://doi.org/10.1210/en.139.4.2015","Presence of Salmon Gonadotropin-Releasing Hormone (GnRH) and Compounds with GnRH-Like Activity in the Ovary of Goldfish","1998","Debananda Pati","Endocrinology"
"https://openalex.org/W2081408883","https://doi.org/10.1248/cpb.57.826","Synthesis and Biological Evaluation of a New Set of Pyrazolo[1,5-c]quinazolines as Glycine/N-Methyl-D-aspartic Acid Receptor Antagonists","2009","Flavia Varano; Daniela Catarzi; Vittoria Colotta; Daniela Poli; Guido Filacchioni; Alessandro Galli; Chiara Costagli","Chemical and Pharmaceutical Bulletin"
"https://openalex.org/W1990324869","https://doi.org/10.1530/jrf.0.1070153","Influence of oestrogens on muscarinic receptor density and contractile response in the guinea-pig uterus","1996","Rosanna Matucci; Benedetta Bianchi; Laura Mantelli; Carla Ghelardini; G. B. Vannelli; Mario Maggi","Reproduction"
"https://openalex.org/W1985922622","https://doi.org/10.1016/s0014-2999(00)00761-5","Effect of the aromatase inhibitor, MEN 11066, on growth of two different MCF-7 sublines","2000","Carla Palma; Marco Criscuoli; Annalisa Lippi; Monica Muratori; Sandro Mauro; Carlo Alberto Maggi","European Journal of Pharmacology"
"https://openalex.org/W2419673762","https://doi.org/10.1042/bj2690073","Agonist-induced desensitization of cholinergically stimulated phosphoinositide breakdown is independent of endogenously activated protein kinase C in HT-29 human colon carcinoma cells","1990","R. Kopp; P. Mayer; Andreas Pfeiffer","Biochemical Journal"
"https://openalex.org/W4255380555","https://doi.org/10.1007/s001250050331","Gastric emptying is accelerated in diabetic BB rats and is slowed by subcutaneous injections of amylin","1995","A. A. Young; B. Gedulin; W. Vine; A. Percy; T. J. Rink","Diabetologia"
"https://openalex.org/W2079010386","https://doi.org/10.1111/j.1476-5381.1987.tb16848.x","1,4‐Dithiothreitol‐induced changes in histamine H1‐agonist efficacy and affinity in the longitudinal smooth muscle of guinea‐pig ileum","1987","Jill Donaldson; Stephen J. Hill","British Journal of Pharmacology"
"https://openalex.org/W2162955192","https://doi.org/10.1074/jbc.m502901200","Different Structural Requirements for the Constitutive and the Agonist-induced Activities of the β2-Adrenergic Receptor","2005","Caterina Ambrosio; Paola Molinari; Francesca Fanelli; Yoshiro Chuman; Maria Sbraccia; Özlem Uğur; Tommaso Costa","Journal of Biological Chemistry"
"https://openalex.org/W1989504003","https://doi.org/10.1038/sj.bjp.0706192","The mechanism by which ethanol inhibits rat P2X4 receptors is altered by mutation of histidine 241","2005","Keming Xiong; Xiang‐Qun Hu; Randall R. Stewart; Forrest F. Weight; Zesong Li","British Journal of Pharmacology"
"https://openalex.org/W4386933984","https://doi.org/10.3390/biomimetics8050441","An Enhanced Hunger Games Search Optimization with Application to Constrained Engineering Optimization Problems","2023","Yaoyao Lin; Ali Asghar Heidari; Shuihua Wang‎; Huiling Chen; Yudong Zhang","Biomimetics"
"https://openalex.org/W4324056650","https://doi.org/10.3390/su15065054","Optimal Parameter Identification of Single-Sensor Fractional Maximum Power Point Tracker for Thermoelectric Generator","2023","A.G. Olabi; Hegazy Rezk; Enas Taha Sayed; Tabbi Awotwe; Samah Alshathri; Mohammad Ali Abdelkareem","Sustainability"
"https://openalex.org/W2155365197","https://doi.org/10.1093/jn/130.4.733","Dietary Selenium and Vitamin E Intakes Alter β-Adrenergic Response of L-Type Ca-Current and β-Adrenoceptor-Adenylate Cyclase Coupling in Rat Heart","2000","Kemal Sayar; Mehmet Uğur; Hakan Gürdal; H. Ongun Onaran; Ömer Hotomaroglu; Belma Turan","Journal of Nutrition"
"https://openalex.org/W1779168006","https://doi.org/10.1523/jneurosci.22-07-02764.2002","CNS Site of Action and Brainstem Circuitry Responsible for the Intravenous Effects of Nicotine on Gastric Tone","2002","Manuel A. R. Ferreira; Niaz Sahibzada; Min Shi; William H. Panico; Mark Niedringhaus; Adam M. Wasserman; Kenneth J. Kellar; Joseph G. Verbalis; Richard A. Gillis","Journal of Neuroscience"
"https://openalex.org/W2596404217","https://doi.org/10.3758/s13428-017-0855-0","Are multiple-trial experiments appropriate for eyewitness identification studies? Accuracy, choosing, and confidence across trials","2017","Jamal K. Mansour; Jennifer L Beaudry; R. C. L. Lindsay","Behavior Research Methods"
"https://openalex.org/W2897526955","https://doi.org/10.1371/journal.pone.0205018","Hybrid topoisomerase I and HDAC inhibitors as dual action anticancer agents","2018","Raffaella Cincinelli; Loana Musso; Roberto Artali; Mario B. Guglielmi; Ilaria La Porta; Carmela Melito; Fabiana Colelli; Francesco Cardile; Giacomo Signorino; Alessandra Fucci; Martina Frusciante; Claudio Pisano; Sabrina Dallavalle","PLoS ONE"
"https://openalex.org/W2113963357","https://doi.org/10.3998/ark.5550190.0005.527","Synthesis of new 5-phenyl[1,2,4]triazole derivatives as ligands for the 5-HT1A serotonin receptor","2004","Loredana Salerno; Mariangela Siracusa; Francesco Guerrera; Giuseppe Romeo; Valeria Pittalà; Maria Modica; Tiziana Mennini; Filippo Russo","ARKIVOC"
"https://openalex.org/W2010456262","https://doi.org/10.1161/01.cir.88.6.2754","Responsiveness to bradykinin in veins of hypercholesterolemic humans.","1993","Gabriella Bedarida; Erin Bushell; Walter E. Haefeli; Terrence F. Blaschke; Brian B. Hoffman","Circulation"
"https://openalex.org/W2125135395","https://doi.org/10.1563/aaid-joi-d-10-00132","Peri-Implant Defect Augmentation With Autogenous Bone: A Study in Beagle Dogs","2010","Asala F. Al-Sulaimani; Sameer A. Mokeem; Sukumaran Anil","Journal of Oral Implantology"
"https://openalex.org/W2003096465","https://doi.org/10.1111/j.1476-5381.1996.tb15757.x","Endothelium‐dependent and NO‐mediated desensitization to vasopressin in rat aorta","1996","Esther Millette; Daniel Lamontagne","British Journal of Pharmacology"
"https://openalex.org/W4244421847","https://doi.org/10.1038/sj.npp.1380288","Distribution of Fluphenazine and Its Metabolites in Brain Regions and Other Tissues of the Rat","1995","Manickam Aravagiri; Stephen R. Marder; Arthur Yuwiler; K.K. Midha; Nora S. Kula; Ross J. Baldessarini","Neuropsychopharmacology"
"https://openalex.org/W2002295511","https://doi.org/10.2108/zsj.16.675","Karyotype and Allozyme Characterization of the Iberian Leptynia attenuata Species Complex (Insecta Phasmatodea)","1999","Marco Passamonti; Barbara Mantovani; Valerio Scali","ZOOLOGICAL SCIENCE"
"https://openalex.org/W1577717052","https://doi.org/10.1523/jneurosci.23-20-07479.2003","Activity-Dependent Autocrine-Paracrine Activation of Neuronal P2Y Receptors","2003","Eugenia Moskvina; Ursula Unterberger; Stefan Boehm","Journal of Neuroscience"
"https://openalex.org/W2025330734","https://doi.org/10.1210/mend-4-1-80","Reduced Gonadotropin Responses in a Novel Clonal Strain of Leydig Tumor Cells Established by Transfection of MA-10 Cells with a Mutant Gene of the Type I Regulatory Subunit of the cAMPDependent Protein Kinase","1990","Haiyun Wang; Mario Ascoli","Molecular Endocrinology"
"https://openalex.org/W4205271694","https://doi.org/10.4039/tce.2021.57","Reduced avian predation on an ultraviolet-fluorescing caterpillar model","2022","Chapin Czarnecki; Rea Manderino; Dylan Parry","The Canadian Entomologist"
"https://openalex.org/W2335361772","https://doi.org/10.3888/tmj.13-8","Simulation of Evolutionary Dynamics in Finite Populations","2011","Bernhard Voelkl","The Mathematica Journal"
"https://openalex.org/W4239407423","https://doi.org/10.1055/s-0030-1268841","Zemente - Semi-permanente Befestigung von Suprakonstruktionen","2010",NA,"ZWR - Das Deutsche Zahnärzteblatt"
"https://openalex.org/W2130862946","https://doi.org/10.1017/s0007114507797052","Inhibition by soya isoflavones of human polymorphonuclear leukocyte function: possible relevance for the beneficial effects of soya intake","2007","Serenella Rotondo; Katarzyna Krauze-Brzósko; Stefano Manarini; Nicola Martelli; Romina Pecce; Virgilio Evangelista; Maria Benedetta Donati; Chiara Cerletti","British Journal Of Nutrition"
"https://openalex.org/W2057167544","https://doi.org/10.1530/jrf.0.0820071","Ontogeny of pituitary gonadotrophin secretion in the fetal and post-natal pig in response to LHRH in vitro","1988","F. Elsaesser; Thomas O. Bruhn; Nahid Parvizi","Reproduction"
"https://openalex.org/W4207077171","https://doi.org/10.1007/s40618-022-01743-4","Testosterone positively regulates vagina NO-induced relaxation: an experimental study in rats","2022","Ilaria Cellai; Sandra Filippi; Paolo Comeglio; Sarah Cipriani; Elisa Maseroli; Vincenza Di Stasi; Tommaso Todisco; Sara Marchiani; Lara Tamburrino; Fabio Villanelli; Silvia Vezzani; C. Corno; Massimiliano Fambrini; Giulia Guarnieri; Erica Sarchielli; Annamaria Morelli; Giulia Rastrelli; Mario Maggi; Linda Vignozzi","Journal of Endocrinological Investigation"
"https://openalex.org/W2067242614","https://doi.org/10.1111/j.1476-5381.1996.tb15530.x","Rat pineal α1‐adrenoceptor subtypes: studies using radioligand binding and reverse transcription‐polymerase chain reaction analysis","1996","David Sugden; Naveed Anwar; David C. Klein","British Journal of Pharmacology"
"https://openalex.org/W4405896053","https://doi.org/10.1038/s41598-024-82022-5","Optimizing VGG16 deep learning model with enhanced hunger games search for logo classification","2024","Mohammed Hussain; Thaer Thaher; Mohamed Basel Almourad; Majdi Mafarja","Scientific Reports"
"https://openalex.org/W2115891997","https://doi.org/10.1677/jme.0.0240397","Increased expression of the mRNA encoding the somatostatin receptor subtype five in human colorectal adenocarcinoma","2000","Vincent Vuaroqueaux; Anne Dutour; Noureddine Bourhim; L’Houcine Ouafik; G. Monges; N Briard; N. Sauze; Charles Oliver; Michel Grino","Journal of Molecular Endocrinology"
"https://openalex.org/W1979143843","https://doi.org/10.1371/journal.pone.0077745","The Vitamin D Receptor Agonist BXL-01-0029 as a Potential New Pharmacological Tool for the Treatment of Inflammatory Myopathies","2013","Luigi Di Luigi; Mariangela Sottili; Cristina Antinozzi; Gabriella Barbara Vannelli; Francesco Romanelli; Valeria Riccieri; Guido Valesini; Andrea Lenzi; Clara Crescioli","PLoS ONE"
"https://openalex.org/W4322770381","https://doi.org/10.3390/su15054413","Optimized Artificial Intelligent Model to Boost the Efficiency of Saline Wastewater Treatment Based on Hunger Games Search Algorithm and ANFIS","2023","Hegazy Rezk; A.G. Olabi; Enas Taha Sayed; Samah Alshathri; Mohammad Ali Abdelkareem","Sustainability"
"https://openalex.org/W2026354999","https://doi.org/10.1111/j.1365-2125.1991.tb03936.x","The influence of co‐administered organic acids on the kinetics and dynamics of frusemide.","1991","DK Sommers; EC Meyer; Joan Moncrieff","British Journal of Clinical Pharmacology"
"https://openalex.org/W2007276710","https://doi.org/10.1111/j.1476-5381.1996.tb15265.x","Binding and competitive inhibition of amine uptake at postsynaptic neurones (transport‐P) by tricyclic antidepressants","1996","Saad Al‐Damluji; Irwin J. Kopin","British Journal of Pharmacology"
"https://openalex.org/W4249619111","https://doi.org/10.1055/s-2007-1012521","Dr. Ihde Dental - Neue Aufstellung im Bereich Marketing","2007",NA,"ZWR - Das Deutsche Zahnärzteblatt"
"https://openalex.org/W2207636158","https://doi.org/10.3892/or.2015.4074","Trastuzumab and docetaxel in a preclinical organotypic breast cancer model using tissue slices from mammary fat pad: Translational relevance","2015","Loredana Vesci; Valeria Carollo; Giuseppe Roscilli; Luigi Aurisicchio; Fabiana Fosca Ferrara; Luigi Giusto Spagnoli; Rita De Santis","Oncology Reports"
"https://openalex.org/W3047675783","https://doi.org/10.1007/s40618-020-01381-8","Testosterone treatment is associated with reduced adipose tissue dysfunction and nonalcoholic fatty liver disease in obese hypogonadal men","2020","Elisa Maseroli; Paolo Comeglio; C. Corno; Ilaria Cellai; Sandra Filippi; Tommaso Mello; Andrea Galli; Elena Rapizzi; L Presenti; M. Truglia; Francesco Lotti; Enrico Facchiano; Benedetta Beltrame; Marcello Lucchese; Farid Saad; Giulia Rastrelli; Mario Maggi; Linda Vignozzi","Journal of Endocrinological Investigation"
"https://openalex.org/W2001033314","https://doi.org/10.1111/j.1476-5381.1991.tb12408.x","Inositol 1,4,5‐trisphosphate‐stimulated calcium release from permeabilized cerebellar granule cells","1991","Emma M. Whitham; R. A. John Challiss; Stefan R. Nahorski","British Journal of Pharmacology"
"https://openalex.org/W2116597055","https://doi.org/10.1677/joe.0.1570209","Endothelin (ET)-1 and ET-3 inhibit estrogen and cAMP production by rat granulosa cells in vitro","1998","Aldo E. Calogero; Nunziatina Burrello; A M Ossino","Journal of Endocrinology"
"https://openalex.org/W4288468247","https://doi.org/10.32604/cmc.2022.031625","Hunger Search Optimization with Hybrid Deep Learning Enabled Phishing Detection and Classification Model","2022","Hadil Shaiba; Jaber S. Alzahrani; Majdy M. Eltahir; Radwa Marzouk; Heba Mohsen; Manar Ahmed Hamza","Computers, materials & continua/Computers, materials & continua (Print)"
"https://openalex.org/W1992425802","https://doi.org/10.1111/j.1476-5381.1994.tb13210.x","Characterization of the angiotensin II AT1 receptor subtype involved in DNA synthesis in cultured vascular smooth muscle cells","1994","Véronique Briand; Laurence Riva; Anne‐Marie Galzin","British Journal of Pharmacology"
"https://openalex.org/W1977666516","https://doi.org/10.1002/1522-2594(200012)44:6<899::aid-mrm11>3.0.co;2-7","Noninvasive assessment of cardiac ischemic injury using87Rb and23Na MR imaging,31P MR, and optical spectroscopy","2000","V.V. Kupriyanov; George Dai; Raymond A. Shaw; J. Sun; Olga Jilkina; Z Luo; Henry H. Mantsch; R. Deslauriers","Magnetic Resonance in Medicine"
"https://openalex.org/W2146037476","https://doi.org/10.1371/journal.pone.0101252","A Characteristic Back Support Structure in the Bisphenol A-Binding Pocket in the Human Nuclear Receptor ERRγ","2014","Xiaohui Liu; Ayami Matsushima; Miki Shimohigashi; Yasuyuki Shimohigashi","PLoS ONE"
"https://openalex.org/W4238802967","https://doi.org/10.1210/en.136.1.289","Characterization of functional opioid delta receptors in a luteinizing hormone-releasing hormone-producing neuronal cell line","1995","Roberto Maggi","Endocrinology"
"https://openalex.org/W2075307269","https://doi.org/10.1111/j.1476-5381.1992.tb14487.x","Determination of α1‐adrenoceptor subtype selectivity by [3H]‐prazosin displacement studies in guinea‐pig cerebral cortex and rat spleen membranes","1992","D. M. J. Veenstra; Karel J.H. Van Buuren; Frans P. Nijkamp","British Journal of Pharmacology"
"https://openalex.org/W4391896465","https://doi.org/10.1080/23273798.2024.2314021","Gestures speed up responses to questions","2024","Marlijn ter Bekke; Linda Drijvers; Judith Holler","Language Cognition and Neuroscience"
"https://openalex.org/W3217736100","https://doi.org/10.1111/cns.13774","Suppression of P2X3 receptor‐mediated currents by the activation of α2A‐adrenergic receptors in rat dorsal root ganglion neurons","2021","Jia‐Wei Hao; Wen‐Long Qiao; Qing Li; Shuang Wei; Tingting Liu; Chun‐Yu Qiu; Wang‐Ping Hu","CNS Neuroscience & Therapeutics"
"https://openalex.org/W2052590859","https://doi.org/10.1046/j.1471-4159.1999.0721095.x","Modeling of the Interaction of Na+ and K+ with theBinding of Dopamine and [3H]WIN 35,428 to the Human Dopamine Transporter","1999","Libin Li; Maarten E.A. Reith","Journal of Neurochemistry"
"https://openalex.org/W3173792419","https://doi.org/10.2147/jir.s315774","Acute P38-Mediated Enhancement of P2X3 Receptor Currents by TNF-α in Rat Dorsal Root Ganglion Neurons","2021","Ying Jin; Shuang Wei; Tingting Liu; Chun‐Yu Qiu; Wang‐Ping Hu","Journal of Inflammation Research"
"https://openalex.org/W1871390823","https://doi.org/10.1111/j.1476-5381.2009.00417.x","Irbesartan‐mediated reduction of renal and cardiac damage in insulin resistant JCR : LA‐cprats","2009","JC Russell; SE KELLY; D F Vine; Spencer D. Proctor","British Journal of Pharmacology"
"https://openalex.org/W1994974171","https://doi.org/10.1530/jrf.0.0840401","Similarity of vasopressin receptors in seminal vesicles and renal medulla of pigs","1988","Mario Maggi; M. De Rossi; Francesco Amenta; Alessandro D. Genazzani; David Rodbard; M. Serio","Reproduction"
"https://openalex.org/W4387422963","https://doi.org/10.47992/ijpl.2583.9934.0016","Unravelling the Depths of Sanatana Dharma: Exploring the Eternal Principles of Hinduism","2023","Ramanathan Srinivasan; P. S. Aithal","International Journal of Philosophy and Languages (IJPL)"
"https://openalex.org/W2096678322","https://doi.org/10.1172/jci113811","In vivo desensitization of glycogenolysis to Ca2+-mobilizing hormones in rat liver cells.","1988","Gozoh Tsujimoto; Aiko Tsujimoto; K Kato; Keitaro Hashimoto","Journal of Clinical Investigation"
"https://openalex.org/W2103370074","https://doi.org/10.1677/erc.0.0070063","Factors released by rat type 1 astrocytes exert different effects on the proliferation of human neuroblastoma cells (SH-SY5Y) in vitro.","2000","Luíz Augusto Casulari; Roberto Cosimo Melcangi; Francesco Piva; L. Martini; Roberto Maggi","Endocrine Related Cancer"
"https://openalex.org/W4401595679","https://doi.org/10.3390/app14167151","Optimizing Supply Chain Efficiency Using Innovative Goal Programming and Advanced Metaheuristic Techniques","2024","Kaoutar Douaioui; Othmane Benmoussa; Mustapha Ahlaqqach","Applied Sciences"
"https://openalex.org/W2124176971","https://doi.org/10.3389/fpsyt.2012.00008","Anti-Alcohol and Anxiolytic Properties of a New Chemical Entity, GET73","2012","Antonella Loche; F. Simonetti; Carla Lobina; Mauro A.M. Carai; Giancarlo Colombo; M. Paola Castelli; Domenico Barone; Roberto Cacciaglia","Frontiers in Psychiatry"
"https://openalex.org/W1969369802","https://doi.org/10.1371/journal.pone.0060475","Full and Partial Agonists of Thromboxane Prostanoid Receptor Unveil Fine Tuning of Receptor Superactive Conformation and G Protein Activation","2013","Valérie Capra; Marta Busnelli; Alessandro Perenna; Manuela Ambrosio; Maria Rosa Accomazzo; Céline Galès; Bice Chini; G. Enrico Rovati","PLoS ONE"
"https://openalex.org/W1555811689","https://doi.org/10.18174/206146","A serological approach to the identification of potato cyst nematodes","1988","A. Schots",NA
"https://openalex.org/W2006443645","https://doi.org/10.1203/00006450-198905000-00007","Regional Variation of Postjunctional α- Adrenoceptor Responses in the Developing Renal Vascular Bed of Sheep","1989","G. Paul Matherne; Kenneth T. Nakamura; Beth M Alden; Nancy J. Rusch; J Robillard","Pediatric Research"
"https://openalex.org/W4403230284","https://doi.org/10.1017/langcog.2024.39","Better early than late: the temporal dynamics of pointing cues during cross-situational word learning","2024","Rachael W. Cheung; Calum Hartley; Padraic Monaghan","Language and Cognition"
"https://openalex.org/W4391277492","https://doi.org/10.1111/cogs.13407","Hand Gestures Have Predictive Potential During Conversation: An Investigation of the Timing of Gestures in Relation to Speech","2024","Marlijn ter Bekke; Linda Drijvers; Judith Holler","Cognitive Science"
"https://openalex.org/W4307875509","https://doi.org/10.32604/cmc.2023.033091","Natural Language Processing with Optimal Deep Learning-Enabled Intelligent Image Captioning System","2022","Radwa Marzouk; Eatedal Alabdulkreem; Mohamed K. Nour; Mesfer Al Duhayyim; Mahmoud Othman; Abu Sarwar Zamani; Ishfaq Yaseen; Abdelwahed Motwakel","Computers, materials & continua/Computers, materials & continua (Print)"
"https://openalex.org/W4382467986","https://doi.org/10.1109/access.2023.3290473","Prediction of Complex Acute Appendicitis Based on HGS-MSVM","2023","Jian Li; Huan Liu; Shengbo Sun; Yanqiu Li; Weihua Tong","IEEE Access"
"https://openalex.org/W116660477","https://doi.org/10.2172/4203480","Thermophysical properties of a Type 308 stainless steel weld","1975","Tenn. (USA) Oak Ridge Y-12 Plant; J. Lore; H. Richards; R. King; L. Greene; D.M. Darby",NA
"https://openalex.org/W2049206906","https://doi.org/10.1002/1522-2594(200008)44:2<193::aid-mrm5>3.0.co;2-x","Effects of ischemia on intracellular rubidium in pig and rat hearts:87Rb NMR imaging and spectroscopic study","2000","V.V. Kupriyanov; Bo Xiang; J. Sun; Olga Jilkina; Guangping Dai; R. Deslauriers","Magnetic Resonance in Medicine"
"https://openalex.org/W2162102566","https://doi.org/10.1136/gut.32.2.211","In vitro comparison of different gall stone dissolution solvents.","1991","H. Vergunst; Onno T. Terpstra; H. G. T. Nijs; Géraldine Van Den Steen","Gut"
"https://openalex.org/W4389069063","https://doi.org/10.1111/1365-2745.14225","Habitat fragmentation affects climate adaptation in a forest herb","2023","Frederik Van Daele; Olivier Honnay; Steven B. Janssens; Hanne De Kort","Journal of Ecology"
"https://openalex.org/W4321436969","https://doi.org/10.1007/s10499-023-01078-8","Impacts of seeding density on the oxidative stress response of the Greenshell™ mussel, Perna canaliculus","2023","Carrie A.R. Reyden; Natalí J. Delorme; Paul M. South; J. David Aguirre","Aquaculture International"
"https://openalex.org/W2024963046","https://doi.org/10.1111/j.1476-5381.1993.tb13748.x","Characterization of the 5‐hydroxytryptamine receptor mediating the positive inotropic response in guinea‐pig isolated left atria","1993","Norman Lattimer; Paul Gupta; Keith F. Rhodes","British Journal of Pharmacology"
"https://openalex.org/W2068736408","https://doi.org/10.3892/ijo.2014.2575","Preclinical antitumor activity of SST0116CL1: A novel heat shock protein 90 inhibitor","2014","Loredana Vesci; Ferdinando Maria Milazzo; VALERIA CAROLO; Silvia Pace; GIUSEPE GIANINI","International Journal of Oncology"
"https://openalex.org/W2035468169","https://doi.org/10.1051/rnd:19940404","Development of homologous radioimmunoassays for equine growth hormone and equine prolactin and their application to the detection of circulating levels of hormone in horse plasma","1994","CM Cahill; Han van der Kolk; J. A. Goode; TJ Hayden","annales de biologie animale biochimie biophysique"
"https://openalex.org/W3016888252","https://doi.org/10.1186/s41235-020-00216-7","#foodie: Implications of interacting with social media for memory","2020","Jordan Zimmerman; Sarah Brown‐Schmidt","Cognitive Research Principles and Implications"
"https://openalex.org/W4317621265","https://doi.org/10.3390/biology12020161","Ellenberg Indicator Values Disclose Complex Environmental Filtering Processes in Plant Communities along an Elevational Gradient","2023","Letizia Di Biase; Noëlline Tsafack; Loretta Pace; Simone Fattorini","Biology"
"https://openalex.org/W4402757799","https://doi.org/10.1093/aje/kwae375","Increasing temporal sensitivity of omics association studies with epigenome-wide distributed lag models","2024","Milan Parikh; Erika Rasnick Manning; Liang Niu; Anna Kotsakis; Alonzo T. Folger; Kelly J. Brunst; Cole Brokamp","American Journal of Epidemiology"
"https://openalex.org/W4319662999","https://doi.org/10.1523/eneuro.0243-22.2023","Effect of the Matrix Metalloproteinase Inhibitor Doxycycline on Human Trace Fear Memory","2023","Jelena Wehrli; Yanfang Xia; Benjamin Offenhammer; Birgit Kleim; Daniel J. Müller; Dominik R. Bach","eNeuro"
"https://openalex.org/W4392519041","https://doi.org/10.1111/cobi.14246","Influence of microclimate and forest management on bat species faced with global change","2024","Chelsea Andreozzi; Todd E. Dawson; Justin Kitzes; Adina M. Merenlender","Conservation Biology"
"https://openalex.org/W2761548735","https://doi.org/10.18632/oncotarget.21805","PPAR-α acutely inhibits functional activity of ASICs in rat dorsal root ganglion neurons","2017","Jing Wu; Jiajia Wang; Tingting Liu; Yimei Zhou; Chun‐Yu Qiu; Dingwen Shen; Wang‐Ping Hu","Oncotarget"
"https://openalex.org/W4308755115","https://doi.org/10.48550/arxiv.2211.04459","flexBART: Flexible Bayesian regression trees with categorical predictors","2022","Sameer K. Deshpande","arXiv (Cornell University)"
"https://openalex.org/W1971874272","https://doi.org/10.1111/j.1476-5381.1988.tb11502.x","The inhibitory effect of somatostatin peptides on the rat anococcygeus muscle in vitro","1988","Tony Priestley; G.N. Woodruff","British Journal of Pharmacology"
"https://openalex.org/W3206038268","https://doi.org/10.1017/s0305000921000635","Determinants of early lexical acquisition: Effects of word- and child-level factors on Dutch children's acquisition of words","2021","Josje Verhagen; Mees VAN STIPHOUT; Elma Blom","Journal of Child Language"
"https://openalex.org/W2055742374","https://doi.org/10.1002/ddr.1106","Two distinct P2Y receptors are involved in purine‐ and pyrimidine‐evoked Ca2+ elevation in mammalian brain astrocytic cultures","2001","Chiara Bolego; Carlo Centemeri; Maria P. Abbracchio; Stefania Ceruti; Flaminio Cattabeni; Kenneth A. Jacobson; L. Puglisi; G. Enrico Rovati; Geoffrey Burnstock; S. Nicosia","Drug Development Research"
"https://openalex.org/W4393308604","https://doi.org/10.37394/232014.2023.19.24","Retinal Vessel Segmentation based on Hunger Games Search and Reptile Search Algorithms","2023","Mehmet Bahadır Çetinkaya; Hakan Duran","WSEAS Transactions on Signal Processing archive"
"https://openalex.org/W4375955473","https://doi.org/10.20452/pamw.16492","How to predict recurrent venous thromboembolism and bleeding? A review of recent advances and their implications","2023","J. Burggraaf; Nienke van Rein; Frederikus A. Klok; Suzanne C. Cannegieter","Polskie Archiwum Medycyny Wewnętrznej"
"https://openalex.org/W4252135950","https://doi.org/10.18130/v30p2z","Astrochemistry in the Age of Broadband Radio Astronomy","2016","Joanna Corby",NA
"https://openalex.org/W4283165516","https://doi.org/10.3389/fphar.2022.928647","Enhancement of P2X3 Receptor-Mediated Currents by Lysophosphatidic Acid in Rat Primary Sensory Neurons","2022","Wen‐Long Qiao; Qing Li; Jia‐Wei Hao; Shuang Wei; Xuemei Li; Tingting Liu; Chun‐Yu Qiu; Wang‐Ping Hu","Frontiers in Pharmacology"
"https://openalex.org/W3113640755","https://doi.org/10.1101/2020.12.21.422503","The impacts of biofuel crops on local biodiversity: a global synthesis","2020","Sophie Jane Tudge; Andy Purvis; Adriana De Palma","bioRxiv (Cold Spring Harbor Laboratory)"
"https://openalex.org/W4401634103","https://doi.org/10.1371/journal.pone.0305653","Improve the Hunger Games search algorithm to optimize the GoogleNet model","2024","Yanqiu Li; Shizheng Qu; Huan Liu","PLoS ONE"
"https://openalex.org/W4393409799","https://doi.org/10.1111/cdev.14099","Language development beyond the here-and-now: Iconicity and displacement in child-directed communication","2024","Yasamin Motamedi; Margherita Murgiano; Beata J. Grzyb; Yan Gu; Viktor Kewenig; Ricarda Brieke; Ed Donnellan; Chloë Marshall; Elizabeth Wonnacott; Pamela Perniss; Gabriella Vigliocco","Child Development"
"https://openalex.org/W2557639335","https://doi.org/10.55630/sjc.2011.5.333-358","Theoretical Hyperbolic Model of a Partial Agonism: Explicit Formulas for Affinity, Efficacy and Amplification","2012","Peter Milanov; Nevena Pencheva","Serdica Journal of Computing"
"https://openalex.org/W4403156545","https://doi.org/10.1177/13623613241286570","Autistic individuals benefit from gestures during degraded speech comprehension","2024","Sara Mazzini; Noor Seijdel; Linda Drijvers","Autism"
"https://openalex.org/W19814728",NA,"Performance of growing grasscutters fed on different fibre sources.","2013","R. E. Uwalaka; E. O. Ahaotu",NA
"https://openalex.org/W2069951203","https://doi.org/10.4103/2225-4110.124364","An Integrated Mind–Body Approach to Arthritis: A Pilot Study","2014","Krista Prusak; Krista Prusak; Keven A. Prusak; Keven A. Prusak; Jack Mahoney","Journal of Traditional and Complementary Medicine"
"https://openalex.org/W934254521","https://doi.org/10.22358/jafs/69883/1993","High-carbohydrate and high-protein diets alter liver and brain insulin receptors in rats","1993","P. Maćkowiak; Dariusz Ładoń; L. Nogowski; Krzysztof W. Nowak","Journal of Animal and Feed Sciences"
"https://openalex.org/W1967778698","https://doi.org/10.1111/j.1476-5381.1985.tb11111.x","Dietary and pharmacological alterations in endogenous angiotensin II: effect on noradrenaline pressor responsiveness in the rat","1985","Donald R. Jones; S. Brian Penner; Donald D. Smyth","British Journal of Pharmacology"
"https://openalex.org/W4405416119","https://doi.org/10.1177/20552076241306782","Critical design decisions and user demographics in enhancing real-time digital mental health interventions: A systematic review","2024","John Fouyaxis; Niranjan Bidargaddi; Wei Du; Jeffrey CL Looi; Jessica M. Lipschitz","Digital Health"
"https://openalex.org/W2027320307","https://doi.org/10.1016/s0022-5223(99)70381-8","Does retrograde warm blood cardioplegic perfusion provide better protection of ischemic areas than antegrade warm blood cardioplegic perfusion? A magnetic resonance study in pig hearts","1999","Jian Ye; Jiankang Sun; Edward F. Hoffenberg; Jie Shen; Luojia Yang; Randy Summers; Tomás A. Salerno; Roxanne Deslauriers","Journal of Thoracic and Cardiovascular Surgery"
"https://openalex.org/W4387664993","https://doi.org/10.3758/s13421-023-01473-9","Mental association of time and valence","2023","Rolf Ulrich; Irmgard de la Vega; Verena Eikmeier; Fritz Günther; Barbara Kaup","Memory & Cognition"
"https://openalex.org/W2122455385","https://doi.org/10.1248/cpb.56.1085","Synthesis and Biological Evaluation of Novel 9-Heteroaryl Substituted 7-Chloro-4,5-dihydro-4-oxo-1,2,4-triazolo[1,5-a]quinoxaline-2-carboxylates (TQX) as (R,S)-2-amino-3-(3-hydroxy-5-methylisoxazol-4-yl)propionic Acid (AMPA) Receptor Antagonists","2008","Daniela Catarzi; Vittoria Colotta; Flavia Varano; Guido Filacchioni; Paola Gratteri; Jacopo Sgrignani; Alessandro Galli; Chiara Costagli","Chemical and Pharmaceutical Bulletin"
"https://openalex.org/W4393906213","https://doi.org/10.1162/opmi_a_00130","It’s All in the Interaction: Early Acquired Words Are Both Frequent and Highly Imageable","2024","Joseph Coffey; Margarita Zeitlin; Jean Crawford; Jesse Snedeker","Open Mind"
"https://openalex.org/W4388627341","https://doi.org/10.1186/s12915-023-01745-5","Gene birth in a model of non-genic adaptation","2023","Somya Mani; Tsvi Tlusty","BMC Biology"
"https://openalex.org/W4386392130","https://doi.org/10.1016/j.psyneuen.2023.106372","Social avoidance and testosterone enhanced exposure efficacy in women with social anxiety disorder: A pilot investigation","2023","Moniek H. M. Hutschemaekers; Rianne A. de Kleine; Mirjam Kampman; Jasper A. J. Smits; Karin Roelofs","Psychoneuroendocrinology"
"https://openalex.org/W4361207829","https://doi.org/10.56578/ataiml020103","Intelligent Diagnosis of Obstetric Diseases Using HGS-AOA Based Extreme Learning Machine","2023","Ramesh Vatambeti; Vijay Kumar Damera","Acadlore Transactions on AI and Machine Learning"
"https://openalex.org/W4401333249","https://doi.org/10.1038/s41598-024-69139-3","Insulin enhances acid-sensing ion channel currents in rat primary sensory neurons","2024","Zhongqing Xu; Tingting Liu; Qing‐Rui Qin; Huan Yuan; Xuemei Li; Chun‐Yu Qiu; Wang‐Ping Hu","Scientific Reports"
"https://openalex.org/W4399640724","https://doi.org/10.32614/cran.package.basicdrm","basicdrm: Fit Hill Dose Response Models","2024","Anang A. Shelat; Nathaniel Twarog",NA
"https://openalex.org/W1980394829","https://doi.org/10.3168/jds.s0022-0302(93)77426-3","Influence of Recombinant Bovine Somatotropin (Sometribove) on Mononuclear Cells During the Nonlactating Period","1993","P. M. Torre; M.J. Lewis; T.L. Ingle; S.P. Oliver","Journal of Dairy Science"
"https://openalex.org/W3198946732","https://doi.org/10.1101/2021.08.23.457309","de novo gene birth as an inevitable consequence of adaptive evolution","2021","Somya Mani; Tsvi Tlusty","bioRxiv (Cold Spring Harbor Laboratory)"
"https://openalex.org/W4386831502","https://doi.org/10.3390/math11183960","HGSOXGB: Hunger-Games-Search-Optimization-Based Framework to Predict the Need for ICU Admission for COVID-19 Patients Using eXtreme Gradient Boosting","2023","Farhana Tazmim Pinki; Md. Abdul Awal; Khondoker Mirazul Mumenin; Md. Shahadat Hossain; Jabed Al Faysal; Rajib Rana; Latifah Almuqren; Amel Ksibi; Md Abdus Samad","Mathematics"
"https://openalex.org/W4304787531","https://doi.org/10.31234/osf.io/8rdmj","Language development beyond the here-and-now: iconicity and displacement in child-directed communication","2022","Yasamin Motamedi; Margherita Murgiano; Beata J. Grzyb; Yan Gu; Viktor Kewenig; Ricarda Brieke; Ed Donnellan; Chloë Marshall; Elizabeth Wonnacott; Pamela Perniss; Gabriella Vigliocco",NA
"https://openalex.org/W4401286347","https://doi.org/10.31234/osf.io/gj3hq","Longitudinal evidence for decreasing statistical learning abilities across childhood","2024","Eszter Tóth-Fáber; Bence Csaba Farkas; Tímea Harmath-Tánczos; Dezső Németh; Karolina Janacsek",NA
"https://openalex.org/W3082923261","https://doi.org/10.1590/1518-8345.3378.3313","SCHFI 6.2 Self-Care Confidence Scale - Brazilian version: psychometric analysis using the Rasch model","2020","Diná de Almeida Lopes Monteiro da Cruz; Ana Maria Miranda Martins Wilson; Michele Nakahara Melo; Ana Paula da Conceição; Leidy Johanna Rueda Díaz","Revista Latino-Americana de Enfermagem"
"https://openalex.org/W2236146396","https://doi.org/10.15171/jpid.2015.010","Effect of Platelet-rich Plasma on Implant Stability in the Mandible","2016","Mohammad Ketabi; Narges Fahami; Shahram Amini","Journal of Advanced Periodontology & Implant Dentistry"
"https://openalex.org/W4381189559","https://doi.org/10.31219/osf.io/wbv9r","Environmental noise affects audiovisual gain during speech comprehension in adverse listening conditions","2023","Noor Seijdel; Sara Mazzini; Linda Drijvers",NA
"https://openalex.org/W4310030267","https://doi.org/10.1017/s1366728922000748","The contributions of proficiency and semantics to the bilingual sentence superiority effect","2022","Portia N. Washington; Robert W. Wiley","Bilingualism Language and Cognition"
"https://openalex.org/W4281666737","https://doi.org/10.1037/xhp0001024","Effects of false statements on visual perception hinge on social suggestibility.","2022","Hernán Anlló; Katsumi Watanabe; Jérôme Sackur; Vincent de Gardelle","Journal of Experimental Psychology Human Perception & Performance"
"https://openalex.org/W3160922321","https://doi.org/10.1016/j.jml.2021.104244","The processing of pronominal relative clauses: Evidence from eye movements","2021","Douglas Roland; Gail Mauner; Yuki Hirose","Journal of Memory and Language"
"https://openalex.org/W4404705436","https://doi.org/10.3389/fgene.2024.1449461","CAMDA 2023: Finding patterns in urban microbiomes","2024","Haydeé Contreras-Peruyero; Imanol Núñez; Mirna Vázquez‐Rosas‐Landa; Daniel Santana-Quinteros; Antón Pashkov; Mario E. Carranza-Barragán; Rafael Perez-Estrada; Shaday Guerrero-Flores; Eugenio P. Balanzario; Víctor Muñiz Sánchez; Miguel Nakamura; L. Leticia Ramírez-Ramírez; Nelly Sélem‐Mójica","Frontiers in Genetics"
"https://openalex.org/W4394931297","https://doi.org/10.7717/peerj.17171","Hand grab or noose pole? Evaluating the least stressful practice for capture of endangered Turks and Caicos Rock Iguanas Cyclura carinata","2024","Giuliano Colosimo; Gwyneth Montemuro; Gregory A. Lewbart; Gabriele Gentile; Glenn P. Gerber","PeerJ"
"https://openalex.org/W4399550040","https://doi.org/10.32614/cran.package.glarma","glarma: Generalized Linear Autoregressive Moving Average Models","2013","William T.M. Dunsmuir; Cenanning Li; David J. Scott",NA
"https://openalex.org/W4401280591","https://doi.org/10.1093/beheco/arae056","Mating preferences act independently on different elements of visual signals in Heliconius butterflies","2024","Sophie H. Smith; Lucie M. Queste; Daniel Shane Wright; Caroline Bacquet; Richard M. Merrill","Behavioral Ecology"
"https://openalex.org/W4416288552","https://doi.org/10.1162/imag.a.1046","A double-blind replication attempt of offline 5Hz-rTUS-induced corticospinal excitability","2025","Po‐Yu Fong; Benjamin R. Kop; Carys Evans; Vidya Gani Wijaya; Yongling Lin; Drew Cappotto; Jenny S. A. Lee; Anna Latorre; Joy Song; Bradley E. Treeby; Eleanor Martin; John C. Rothwell; Lennart Verhagen; Sven Bestmann","Imaging Neuroscience"
"https://openalex.org/W7162468499","https://doi.org/10.1371/journal.pone.0349873","Intraspecific drought tolerance in Ugandan Coffea canephora for accelerated breeding selection","2026","Milton Ali; Settumba B. Mukasa; Valérie Poncet; Godfrey Sseremba; P. Marraccini; Pascal Musoli; Daphne Nyachaki Bitalo; Hervé Etienne; Mildred Ochwo‐Ssemakula; Michael Kanaabi; Doreen M. Chelangat; Denis Fabre; Mildred Julian Nakanwagi; Sophie Léran; Anitah Tusiimire; Naome Aryatwijuka; Qurayish Musinguzi; Geofrey Arinaitwe; Boris Delahaie; Mathieu Gonin","PLoS ONE"
"https://openalex.org/W4403946243","https://doi.org/10.1037/dev0001865","Emotion coupling across socialization contexts in adolescence: Differences in parent–child and peer interactions.","2024","David Renjaän; Leentje Vervoort; Thao Ha; Fred Hasselman; Roy Otten","Developmental Psychology"
"https://openalex.org/W4413812285","https://doi.org/10.1177/00238309251327671","The Role of Phonological Factors in the Processing of Polish Phonotactics","2025","Paula Orzechowska; Andrzej Porębski; Marta Nowak","Language and Speech"
"https://openalex.org/W4383567864","https://doi.org/10.2139/ssrn.4499701","Could We Prescribe Jobs? Recommendation Accuracy of Job Recommender Systems Using Machine Learning: A Systematic Review and Meta-Analysis","2023","Maximin Lange; Nikolaos Koutsouleris; Ricardo Twumasi","SSRN Electronic Journal"
"https://openalex.org/W4376618422","https://doi.org/10.1101/2023.05.12.540626","In Silico Investigations of Adaptive Therapy Using Two Cytotoxic or Two Cytostatic Drugs","2023","Daniel Saha; Alexander R.A. Anderson; Luis Cisneros; Carlo C. Maley","bioRxiv (Cold Spring Harbor Laboratory)"
"https://openalex.org/W4318567302","https://doi.org/10.1016/j.jbc.2023.102953","Group II metabotropic glutamate receptor activation attenuates acid-sensing ion channel currents in rat primary sensory neurons","2023","Qing Li; Tingting Liu; Wen‐Long Qiao; Jia‐Wei Hao; Qing‐Rui Qin; Shuang Wei; Xuemei Li; Chun‐Yu Qiu; Wang‐Ping Hu","Journal of Biological Chemistry"
"https://openalex.org/W4409393663","https://doi.org/10.1111/csp2.70031","Prospects for the long‐term persistence of a severely endangered plant, Consolea corallicola (Cactaceae)","2025","Peter Stiling; Janice Duquesnel; Gordon A. Fox","Conservation Science and Practice"
"https://openalex.org/W1644583091","https://doi.org/10.2172/7010030","Analyzing powers and proton spin transfer coefficients in the elastic scattering of 800 MeV polarized protons from an L-type polarized deuteron target at small momentum transfers","1986","D. L. Adams",NA
"https://openalex.org/W4392957971","https://doi.org/10.3390/languages9030106","Context Matters: How Experimental Language and Language Environment Affect Mental Representations in Multilingualism","2024","Laura Sperl; Marta Sofia Nicanço Tomé; Helene Kuhn; Helene Kreysa","Languages"
"https://openalex.org/W4413100900","https://doi.org/10.1111/desc.70055","Testing Moderators for Associations of Neighborhood Adversity With Psychopathology and Cognitive Outcomes","2025","Teresa Vargas; Katie A. McLaughlin; Divyangana Rakesh","Developmental Science"
"https://openalex.org/W1847764597",NA,"Wind variability in early-type stars","1993","L. Kaper","UvA-DARE (University of Amsterdam)"
"https://openalex.org/W4386461068","https://doi.org/10.21203/rs.3.rs-3215487/v1","Improvement of Load Frequency Control for Two-Area Modern Power Systems Involving Renewable Energy Sources Using a Novel Cascade Controller","2023","Serhat Duman; Yunus Balci","Research Square"
"https://openalex.org/W34105289",NA,"Evaluating the impact of outdoor orientation on incoming students' perceptions of social norms about alcohol use on campus","2010","Benjamin George Oliver","University of New Hampshire Scholars Repository (University of New Hampshire at Manchester)"
"https://openalex.org/W4396925529","https://doi.org/10.31234/osf.io/e354s","dynConfiR: The R package for sequential sampling models of decision confidence","2024","Sebastian Hellmann; Michael Zehetleitner; Manuel Rausch",NA
"https://openalex.org/W2739680501",NA,"The P(Lover) paradox: a fictocritical poetics of detection.","2006","Rosslyn Prosser","Adelaide Research & Scholarship (AR&S) (University of Adelaide)"
"https://openalex.org/W2269462019",NA,"RED v1.7 -- variable Cadence","2004","Steven J. Hale; Brek A. Miller","ePapers Repository (University of Birmingham)"
"https://openalex.org/W428520184",NA,"Extracorporeal shockwave lithotripsy of gallbladder stones : an experimental study","1991","H. Vergunst","RePub (Erasmus University Rotterdam)"
"https://openalex.org/W1716340500","https://doi.org/10.5282/edoc.12665","Untersuchungen zur Wirkung der Betäubung mittels Kohlendioxid bei der Kastration männlicher Saugferkel","2010","Stefanie Zimmermann","Electronic Theses of LMU Munich (Ludwig-Maximilians-Universität München)"
"https://openalex.org/W2286430434","https://doi.org/10.26021/5744","Matrix-isolation magneto-optical spectroscopy of diatomic radical monohydrides.","2003","Jeremy J. Harrison","UC Research Repository  (University of Canterbury)"
"https://openalex.org/W2525894814",NA,"Multiphoton Fluorescence Recovery After Photobleaching with Shear Flow","2014","Javier Manzella‐Lapeira","UR Research (University of Rochester)"
"https://openalex.org/W4399495871","https://doi.org/10.32614/cran.package.unireg","uniReg: Unimodal Penalized Spline Regression using B-Splines","2014","Claudia Koellmann",NA
"https://openalex.org/W1613707009",NA,"Inelastic Electron Scattering from Molybdenum -92.","1987","Thomas Edward Milliman","University of New Hampshire Scholars Repository (University of New Hampshire at Manchester)"
"https://openalex.org/W2059613562","https://doi.org/10.1111/j.1476-5381.1994.tb14048.x","pK1 values of prazosin and idazoxan for receptors stimulated by neuronally released transmitter in the epididymal portion of rat isolated vas deferens","1994","Dennis Mackay; Muralitharan Kengatharan","British Journal of Pharmacology"
"https://openalex.org/W7169473572",NA,"Fitting Generalized Linear Mixed-Effects Models using lme4","2026","Anna Ly; Rune Haubo Bojesen Christensen; Douglas Bates; Martin Maechler; Benjamin M. Bolker","arXiv (Cornell University)"
"https://openalex.org/W4399496587","https://doi.org/10.32614/cran.package.braidrm","braidrm: Fitting Combined Action with the BRAID Response Surface Model","2016","Anang Shelat; Nathaniel R. Twarog",NA
"https://openalex.org/W2122978821","https://doi.org/10.71781/29347","Étude de la fonction vasculaire et du remodelage cardiaque avant l’établissement de l’obésité et de la dyslipidémie chez les rats femelles Sprague-Dawley recevant une diète riche en gras","2009","Marie-Claude Aubin","Open MIND"
"https://openalex.org/W7138974957","https://doi.org/10.32614/cran.package.bdlnm","bdlnm: Bayesian Distributed Lag Non-Linear Models (B-DLNM)","2026","Pau Satorra; Marcos Quijal-Zamorano; Joan Ballester; Miguel Martinez-Beneito; Marc Marí-Dell'Olmo",NA
"https://openalex.org/W3150764733","https://doi.org/10.26717/bjstr.2021.33.005337","A Randomized Trial: The Blankenstein Healthcare Plan Improves Sustainability of Lifestyle Change After Inpatient Naturopathic Therapy for Chronic Back Pain","2021","Karl Rüdiger Wiebelitz","Biomedical Journal of Scientific & Technical Research"
"https://openalex.org/W2636161333",NA,"Überprüfung der Funktion der endothelialen NO-Synthase (ecNOS Typ III) bei Patienten mit leichtgradigem obstruktivem Schlafapnoe-Syndrom","2008","Marie Christine Anspach","Dokumentenrepositorium der RUB (Ruhr University Bochum)"
"https://openalex.org/W4289525015","https://doi.org/10.1101/2022.07.31.502179","Gene Birth in a Model of Non-genic Adaptation","2022","Somya Mani; Tsvi Tlusty","bioRxiv (Cold Spring Harbor Laboratory)"
"https://openalex.org/W4409403279","https://doi.org/10.21203/rs.3.rs-6430604/v1","Cloud Drift Optimization (CDO) Algorithm: A Nature-Inspired Metaheuristic","2025","Mohammad Alibabaei Shahraki","Research Square"
"https://openalex.org/W145277848",NA,"Naturalized offspring from an 85-year-old Chinese chestnut (Castanea mollissima) planting: Stand dynamics and genetic relationships","2014","Amy C. Miller","Purdue e-Pubs (Purdue University System)"
"https://openalex.org/W4378802359","https://doi.org/10.21203/rs.3.rs-3002472/v1","A Novel Metaheuristic Strategy for the Elucidation of Gravity Anomalies with Application to Geothermal Energy Investigations and Volcanic Activity Studies: Hunger Games Search (HGS)","2023","Kejia Su; Hanbing Ai; Zhen Qin; Chuan Lyu; Xin Wei; Ahmad Alvandi; Min Feng; Yong Tu; Yuehua Zhang","Research Square"
"https://openalex.org/W605467382",NA,"Application of information fusion methods to biomedical data","1997","Petr Jilkine","Library and Archives Canada (Government of Canada)"
"https://openalex.org/W4402205921","https://doi.org/10.32614/cran.package.equalstats","EQUALSTATS: Algorithm Driven Statistical Analysis for Researchers without Coding Skills","2024","Kurinchi Selvan Gurusamy",NA
"https://openalex.org/W2110252857",NA,"Comparison of Fracture Behavior among Different One-Stage Implants under Cyclic Loading","2010","Junghoon Yoo","OpenCommons - UConn (University of Connecticut)"
"https://openalex.org/W2259231084",NA,"BiSON Data-File Formats","2003","J. W. F. Allison; W. J. Chaplin; Y. Elsworth; Steven J. Hale; Brek A. Miller","ePapers Repository (University of Birmingham)"
"https://openalex.org/W4399581788","https://doi.org/10.32614/cran.package.troubblme4solver","trouBBlme4SolveR: Troubles Solver for 'lme4'","2022","Iago Giné-Vázquez",NA
"https://openalex.org/W4407877410","https://doi.org/10.1504/ijamechs.2025.144590","COVID-19 multilevel severity classification using FHGSO enabled DKN EfficientNet","2025","G. Venkata Rami Reddy; Abboju Niranjan","International Journal of Advanced Mechatronic Systems"
"https://openalex.org/W4407702744","https://doi.org/10.1504/ijamechs.2025.10069510","COVID-19 multilevel severity classification using FHGSO enabled DKN EfficientNet","2025","Abboju Niranjan; G. Venkata Rami Reddy","International Journal of Advanced Mechatronic Systems"
"https://openalex.org/W2272095315",NA,"A clinical Raman spectroscopy system for real-time disease diagnosis","2003","Saumil Gandhi","DSpace@MIT (Massachusetts Institute of Technology)"
"https://openalex.org/W2981757049","https://doi.org/10.35286/veritas.v20i2.244","Diffusion characteristics of dyeing in Polyester fiber garments referred to their mixtures with cotton and composition","2019","Hugo Jimenéz-Pacheco; Gregorio Urbano Palma Figueroa; Javier Alonso Villegas Aragón; María del Carmen Camiña Pacheco; Antonio Erick Linares Flores Castro; Lilia Mary Miranda Ramos","Veritas"
"https://openalex.org/W639641843",NA,"Characterization and regulation of growth hormone receptors in goldfish (Carassius auratus L.)","1999","Yushi Zhang","Library and Archives Canada (Government of Canada)"
"https://openalex.org/W7132296942",NA,"Predicting optimal energy usage in buildings using artificial neural networks based on heuristic algorithms","2025","Fuat Cetin","DSpace@MŞU"
"https://openalex.org/W3200446365","https://doi.org/10.48550/arxiv.2109.00824","de novo gene birth as an inevitable consequence of adaptive evolution","2021","Somya Mani; Tsvi Tlusty","arXiv (Cornell University)"
"https://openalex.org/W4416792212","https://doi.org/10.61092/iaea.a51y-cfdv","Summary Report of Final IAEA Research Coordination Meeting on Atomic and Molecular Data for Plasma Diagnostics, Vienna, 19-20 July 2004","2006","R.E.H. Clark",NA
"https://openalex.org/W1564055740","https://doi.org/10.2172/10141634","The NE11 experiment at SLAC and the neutron form factors","1993","USDOE, Washington, DC (United States); L Stuart; CA (United States) Lawrence Livermore National Lab.; CA (United States)] [Lawrence Livermore National Lab.; Massachusetts Univ., Amherst, MA (United States); NY (United States) Rochester Univ.; Washington Univ., Seattle, WA (United States). Inst. for Nuclear Theory; A Lung; P Bosted",NA
"https://openalex.org/W3161228538","https://doi.org/10.5281/zenodo.111565","Astrochemistry in the Age of Broadband Radio Astronomy","2016","Joanna Corby","Zenodo (CERN European Organization for Nuclear Research)"
"https://openalex.org/W7620703",NA,"Förutsättningar för sjuksköterskan att arbeta med personcentrerad omvårdnad i den kommunala vården av äldre","2011","Ann-Katrin Hansson; Anita Nilsson","KTH Publication Database DiVA (KTH Royal Institute of Technology)"
"https://openalex.org/W4416931874","https://doi.org/10.36227/techrxiv.176472655.58475012/v1","Deep learning-powered workflow optimization for next-gen enterprise solutions using workday extend and AI integrations","2025","Monu Sharma",NA
"https://openalex.org/W1131007678",NA,"The O+ to O- Transition in the 16-O(p,n)16-F Reaction at 80 MeV","1984","R. Madey; B.S. Flanders; B. D. Anderson; A. R. Baldwin; T. Chittrakarn; W. Pairsuwan; J.W. Watson; J.J. Kelly; W. Bertozzi; J. M. Finn; C. E. Hyde-Wright; C. C. Foster; J.C. Comfort; H. Orihara","IUScholarWorks (Indiana University)"
"https://openalex.org/W1023913050",NA,"The (p,n) Reaction at Intermediate Energies with 16,17,18-O and 9-Be","1981","A. Fazely; B. Anderson; A. R. Baldwin; A. M. Kalenda; R. Madey; Robert J. McCarthy; P.C. Tandy; J. W. Watson; W. Bertozzi; T. N. Buti; Josh Finn; John J. Kelly; Kovash; B. Pugh; C.C. Foster","IUScholarWorks (Indiana University)"
"https://openalex.org/W4414296124","https://doi.org/10.4236/ib.2025.173010","Netflix and the Entertainment Industry Streaming Monopoly","2025","Rennie Cowan","iBusiness"
"https://openalex.org/W2726416376",NA,"A study of some agents which modulate neurotransmission in the mouse vas deferens.","1996","R Patterson","Leicester Research Archive (University of Leicester)"
"https://openalex.org/W4389797035","https://doi.org/10.21275/sr23910162925","The Physical Education Administrators' Management Functions Practices in a Vocational College in China","2023","Zhiguo Li","International Journal of Science and Research (IJSR)"
"https://openalex.org/W3135819794","https://doi.org/10.15290/baj.2020.20.17","Nazwy siłowni i klubów fitness w województwach podlaskim i wielkopolskim","2020","Anna Piotrowicz; Małgorzata Witaszek-Samborska","Białostockie Archiwum Językowe"
"https://openalex.org/W1995539558","https://doi.org/10.1590/s0102-76381992000400010","Uso de fósforo 31 ressonância nuclear magnética para avaliação da proteção do miocárdio utilizando cardioplegia sangüínea contínua e normotérmica","1992","Carlos Alberto Mussel Barrozo; Imtiaz S. Ali; Anthony L. Panos; Owaid Al-Nowaiser; Keith W. Butler; Nicholas Haas; Tomás A. Salerno; Roxanne Deslauriers","Brazilian Journal of Cardiovascular Surgery"
"https://openalex.org/W7133445809",NA,"Simultaneous equations model for the phillips curve in colombia","2010","Carlos Alfonso Mantilla Duarte","Universidad Industrial de Santander"
"https://openalex.org/W7134632467",NA,"Enhanced Expression of Human Platelet-Derived Growth factor in Pichia Pastoris","2001","David M. Kaetzel","UKnowledge (University of Kentucky)"
"https://openalex.org/W2743286209",NA,"Cellular Mechanisms of Decreased Myocardial Responsiveness to Catecholamines during Endotoxicosis in the Rat","1985","Fred D. Romano","Loyola eCommons (Loyola University of Chicago)"
"https://openalex.org/W8910419",NA,"Мобильный маркетинг как эффективное средство стимулирования сбыта товаров и услуг","2013","Нещадимов Антон Александрович","CyberLeninK (CyberLeninka)"
"https://openalex.org/W4224219350","https://doi.org/10.21203/rs.3.rs-1570942/v1","Lysophosphatidic acid enhances P2X3 receptor-mediated currents in rat dorsal root ganglion neurons","2022","Wen‐Long Qiao; Qing Li; Jia‐Wei Hao; Shuang Wei; Xuemei Li; Tingting Liu; Chun‐Yu Qiu; Wang‐Ping Hu","Research Square"
"https://openalex.org/W3109387135","https://doi.org/10.1101/2020.12.03.411058","Accessible Analysis of Longitudinal Data with Linear Mixed Effects Models","2020","Jessica I. Murphy; Nicholas E. Weaver; Audrey E. Hendricks","bioRxiv (Cold Spring Harbor Laboratory)"
"https://openalex.org/W1485507971",NA,"The Role of Connexin36 in Dopamine D1/D2 Synergism and its Breakdown in Transgenic Mice","2006","Eileen Nolan","ScholarWorks @ The University of New Orleans (The University of New Orleans)"
"https://openalex.org/W4413106009","https://doi.org/10.1093/ageing/afaf218","Educated peers’ experiences and perceptions of the group-based FallFitness exercise programme for older adults","2025","Maria Liljeroos; Karin Strömqvist Bååthe; Michail Tonkonogi; Marina Arkkukangas","Age and Ageing"
"https://openalex.org/W4406277704","https://doi.org/10.1007/s10936-024-10112-6","The Role of Aspect During Deverbal Word Processing in Greek","2025","Eleni Tsaprouni; Christina Manouilidou","Journal of Psycholinguistic Research"
"https://openalex.org/W7171385366","https://doi.org/10.64898/2026.07.22.739677","H5N1 influenza binding and cell entry via human class II MHC, and blocking by cross-reactive antibodies","2026","Taylor Pursell; Artem Mikelov; Oliver F. Wirz; Jordan T. Ort; Shuk Hang Li; Reilly K. Atkinson; Jefferson J. S. Santos; Jiabao Zhong; Shilpa A. Joshi; Jumana Afghani; Xiaorui Han; Emily Haraguchi; Ramona A. Hoh; Ji-Yeun Lee; Brandon Lam; Alexander Stanford; Andrew T. DeLaitsch; Jackson Schuetz; Katharina Röltgen; Donna Smith; Brian Ha; Sean Van Slyck; Claus U. Niemann; Scott E Hensley; Scott D. Boyd","bioRxiv (Cold Spring Harbor Laboratory)"
"https://openalex.org/W4416293081","https://doi.org/10.1111/1749-4877.70030","First Evidence of Diverse Inhibitory Control Abilities in Pre‐ and Post‐Metamorphic Salamanders","2025","Deyatima Ghosh; Vishal Kumar Prasad; Dallin B. Kohler; Amaël Borzée","Integrative Zoology"
"https://openalex.org/W2766688009",NA,"Immunocontraception in Japanese Quail Using Mammalian GnRH Compared to Chicken GnRH-I and Chicken GnRH-II","2002","Marianna Burks","Lincoln (University of Nebraska)"
"https://openalex.org/W1671382405","https://doi.org/10.25777/7y9t-rm09","Pion Absorption on Polarized Lithium-7 at 165 MeV","1996","Thomas Anthony Greco","ODU Digital Commons (Old Dominion University)"
"https://openalex.org/W7170077194","https://doi.org/10.1371/journal.pone.0353939","Work restrictions and Unfitness to work: Prevalence and risk factors a cross-sectional study on 70 000 occupational visits","2026","Luther Dogbla; Cédric Gouvenelle; Anne-Sophie Escobar; Florence Thorin; Jiao Jiao; Marek Žák; Julien S. Baker; Bruno Pereira; Frédéric Dutheil","PLoS ONE"
"https://openalex.org/W7155194640","https://doi.org/10.1017/9781009295888.038","Individual and Language Differences in Rhythm Grouping Preferences: The Iambic–Trochaic Law Revisited","2026","Amalia Arvaniti; Hae‐Sung Jeon","Cambridge University Press eBooks"
"https://openalex.org/W4387431435","https://doi.org/10.5281/zenodo.8407724","Unravelling the Depths of Sanatana Dharma: Exploring the Eternal Principles of Hinduism","2023","Ramanathan Srinivasan; Aithal, P. S.","Zenodo (CERN European Organization for Nuclear Research)"
"https://openalex.org/W7140063293",NA,"Tutti kasvojen mimiikan manipuloinnin välineenä: Tutin vaikutus kasvojen mimiikkaan ja emootioiden tunnistamiseen","2026","Katriina Koivusalo","Tampere University Institutional Repository (Tampere University)"
"https://openalex.org/W7160649586","https://doi.org/10.3758/s13428-026-03013-0","dynConfiR: An R package for sequential sampling models of decision confidence","2026","Sebastian Hellmann; Michael Zehetleitner; Manuel Rausch","Behavior Research Methods"
"https://openalex.org/W4229452838","https://doi.org/10.21203/rs.3.rs-1613085/v1","A1 adenosine receptor activation inhibits P2X3 receptor-mediated ATP currents in rat dorsal root ganglion neurons","2022","Jia‐Wei Hao; Wen‐Long Qiao; Qing Li; Shuang Wei; Xuemei Li; Tingting Liu; Chun‐Yu Qiu; Wang‐Ping Hu","Research Square"
"https://openalex.org/W4411071272","https://doi.org/10.31234/osf.io/e354s_v2","dynConfiR: An R package for sequential sampling models of decision confidence","2025","Sebastian Hellmann; Michael Zehetleitner; Manuel Rausch",NA
"https://openalex.org/W2213061782",NA,"The longitudinal and transverse response of the (e,e'p) reaction in helium-3 and helium-4 in the quasielastic region","1999","R. E. J. Florizone","DSpace@MIT (Massachusetts Institute of Technology)"
"https://openalex.org/W2809400095",NA,"Phosphorylation of prolactin and growth hormone: Investigation into synthesis and biological role /","1996","Joan Wicks","OhioLink ETD Center (Ohio Library and Information Network)"
"https://openalex.org/W1634021368",NA,"2s1/2 occupancies in 30Si, 31P, and 32S","1997","J. Wesseling; C. W. de Jager; L. Lapikás; H. de Vries; L. W. Fagg; M.N. Harakeh; N. Kalantar; R. Lindgren; E. Moya de Guerra; P. Sarriguren","DIGITAL.CSIC (Spanish National Research Council (CSIC))"
"https://openalex.org/W3158507032","https://doi.org/10.1101/2021.04.28.441710","Social steerability modulates perceptual biases","2021","Hernán Anlló; Katsumi Watanabe; Jérôme Sackur; Vincent de Gardelle","bioRxiv (Cold Spring Harbor Laboratory)"
"https://openalex.org/W2194976005",NA,"ATP overflow from the isolated mouse vas deferens","1990","Marie Drake","Leicester Research Archive (University of Leicester)"
"https://openalex.org/W4411467673","https://doi.org/10.1017/rrc.2025.10005","Ralph Vaughan Williams’s Original Hymn Tunes: Congregational Aesthetics and a Revised Works List","2025","Julian Onderdonk","Royal Musical Association Research Chronicle"
"https://openalex.org/W159491164",NA,"High resolution inelastic electron scattering from lead-208","1989","J. P. Connelly","University of New Hampshire Scholars Repository (University of New Hampshire at Manchester)"
"https://openalex.org/W7162656890","https://doi.org/10.3389/flang.2026.1806497","Comprehensibility of gender-fair language among foreign language learners of German: an experimental study","2026","Sofie Decock; Lisa Zacharski; Griet Boone; Evelyn C. Ferstl","Frontiers in Language Sciences"
"https://openalex.org/W2290607427",NA,"Cell signalling in Chinese hamster ovary cells expressing recombinant muscarinic receptors","1994","Neil T. Burford","Leicester Research Archive (University of Leicester)"
"https://openalex.org/W2590749939",NA,"Harmony in the Symphonies of Ralph Vaughan Williams","1958","Billy Joe Edmonds","University of North Texas Digital Library (University of North Texas)"
"https://openalex.org/W4394726438","https://doi.org/10.31234/osf.io/3mfcu","It’s all in the interaction: early acquired words are both frequent and highly imageable","2024","Joseph Coffey; Jesse Snedeker",NA
"https://openalex.org/W2569787382","https://doi.org/10.71781/29549","Modulation du transport des fluides lors de lésions pulmonaires induites par la transplantation pulmonaire : études des mécanismes expliquant l'absence de réponse aux [bêta]-agonistes","2006","Chloé Richard","Open MIND"
"https://openalex.org/W7125499292","https://doi.org/10.3758/s13421-025-01843-5","Native speakers kick buckets, but learners kick doors: A comparison of native and nonnative idiom comprehension","2026","Evelyn Milburn; Mila Vulchanova; Valentin Vulchanov; David Saltzman; James S. Magnuson","Memory & Cognition"
"https://openalex.org/W7138881270","https://doi.org/10.31449/inf.v50i10.8637","Hybrid AdaBoost and CatBoost Models Enhanced with HGS and CGO for Non-Stationary Runoff Forecasting","2026","Huiying Shao","Informatica"
"https://openalex.org/W4385292432","https://doi.org/10.5281/zenodo.8189621","Einige historische Notizen und Bemerkungen über den Handel und die Fabrikation im Kanton Appenzell",NA,"Johann Caspar Zellweger","Zenodo (CERN European Organization for Nuclear Research)"
"https://openalex.org/W4240280223","https://doi.org/10.31234/osf.io/sh3xz","Implicit attitudes matter for social judgments of others’ preference, but do not make those judgments more or less accurate","2021","Jeffrey Martin Lees",NA
"https://openalex.org/W632542866","https://doi.org/10.71781/31536","Rôle et implication du système cannabinoïde dans la modulation périphérique de la douleur inflammatoire et neuropathique","2013","Julie Desroches","Papyrus : Institutional Repository (Université de Montréal)"
"https://openalex.org/W7135189533","https://doi.org/10.1038/s41598-026-42906-0","Social learning of emotion and its implication for memory: an ERP study","2026","Sriranjani Manivasagam; Anne Schacht","Scientific Reports"
"https://openalex.org/W7171838201","https://doi.org/10.71781/35040","Effet du peptide natriurétique de l'oreillette sur la glomérulosa surrénalienne de rat","1987","Lynn Chartier","Open MIND"
"https://openalex.org/W2564139177",NA,"Characterisation and agonist regulation of the human platelet beta-adrenoceptor.","1988","N. Cook","Leicester Research Archive (University of Leicester)"
"https://openalex.org/W4361808386","https://doi.org/10.48550/arxiv.2303.15712","Habitat fragmentation affects climate adaptation in a forest herb","2023","Frederik Van Daele; Olivier Honnay; Steven Janssens; Hanne De Kort","Lirias"
"https://openalex.org/W2468191773","https://doi.org/10.2172/1054074","Study of Quasielastic 1p-shell proton Knockout in the 16O (e,e'p) reaction at Q2=0.8 (GeV/c)2","1999","Thomas Jefferson National Accelerator Facility, Newport News, VA (United States); Juncai Gao",NA
"https://openalex.org/W2244770583",NA,"Measurements of flt, ftt, and f'lt structure functions in a non-quasi-elastic ²H(e[right arrow],e'p) reaction at 210 (MeV/c) missing momentum","1999","Jiang Chen","DSpace@MIT (Massachusetts Institute of Technology)"
"https://openalex.org/W2622953948",NA,"Vermarktung von innovativen Produkten im Business-to-Business-System","2015","Ferdinand Alexander Ischebeck","MOnAMi (Hochschule Mittweida Hochschulbibliothek)"
"https://openalex.org/W2472362344","https://doi.org/10.71781/31081","Les oncogènes NUP98-PHF23 et NUP98-HOXD13 confèrent un potentiel aberrant d’auto-renouvellement aux progéniteurs thymiques","2015","Magalie Tardif","Open MIND"
"https://openalex.org/W3154451736",NA,"Comorbidity of serious mental illness and type 2 diabetes: do neighbourhoods matter?","2020","Ramya Walsan","Research Online (University of Wollongong)"
"https://openalex.org/W2908010947",NA,"Understanding Physiotherapists’ Use of Motor Learning Strategies in Gait-Based Physiotherapy Interventions for Children with Cerebral Palsy","2018","Jennifer Ryan","TSpace (University of Toronto)"
"https://openalex.org/W2728421417",NA,"Performing diabetes : balancing between 'patients' and 'carers', bodies and pumps, Scotland and beyond","2006","Griet Scheldeman","St Andrews Research Repository (St Andrews Research Repository)"
"https://openalex.org/W3019779319",NA,"Control of Volunteer Corn in Enlist Corn and Economics of Herbicide Programs for Weed Control in Conventional and Multiple Herbicide-Resistant Soybean Across Nebraska","2020","Adam Striegel","Lincoln (University of Nebraska)"
"https://openalex.org/W7135552696",NA,"Sequence Dependence of the Folding of Kink-Turns in RNA","2017","Saira Ashraf","Discovery Research Portal (University of Dundee)"
"https://openalex.org/W2263813940","https://doi.org/10.71781/31990","Étude de l’implication de MK2 dans la réponse vasculaire à l’endothéline-1","2009","Albert Nguyen","Open MIND"
"https://openalex.org/W2792834323",NA,"Skeletal Muscle Sugar Transport Alterations in Bacteremia","1988","Margaret V. Westfall","Loyola eCommons (Loyola University of Chicago)"
"https://openalex.org/W2729657245","https://doi.org/10.13130/s-carnevali_phd2017-01-26","THROMBOXANE PROSTANOID RECEPTOR: FUNCTION, ACTIVATION AND POSSIBLE TARGET FOR CARDIOVASCULAR PROTECTION","2017","Silvia Carnevali","Archivio Istituzionale della Ricerca (Universita Degli Studi Di Milano)"
"https://openalex.org/W2133196185",NA,"Shaping the Dream: A Survey of Post-World War II St. Petersburg, 1946-1963","2009","Jon Wilson","Digital Commons - University of South Florida (University of South Florida)"
"https://openalex.org/W2429264722",NA,"Modulation of phosphodiesterases of the brain.","1992","Anthony J. Morgan","Figshare"
"https://openalex.org/W2752391664",NA,"Il trattamento con testosterone o oca migliora le alterazioni del tessuto adiposo viscerale indotte dalla sindrome metabolica attraverso la normalizzazione dell’insulino-sensibilità: uno studio sperimentale nel coniglio","2015","Elena Maneschi","Florence Research (University of Florence)"
"https://openalex.org/W2966672219",NA,"Receptores centrales y periféricos de melatonina en teleósteo ""Tinca tinca"" : caraterización, farmacología y ritmicidad diaria y estacional","2004","Marcos A. López‐Patiño","LA Referencia (Red Federada de Repositorios Institucionales de Publicaciones Científicas)"
"https://openalex.org/W2098024019","https://doi.org/10.2172/813020","Search for Exclusive Electroweak Penguin Decays at BABAR","2003","N. Kuznetsova",NA
"https://openalex.org/W1173861677",NA,"Identification and synthesis of 3,4-isoxazolediamides as new class of Hsp90 inhibitors","2016","Stefania Mangiola","EprintsUnife"
